timeframe,open_time,open,high,low,close,volume,buy_volume,sell_volume,tick_count
1h,1770483600.0,1.4189,1.4302,1.4096,1.4245,1435376.44,0.0,0.0,0
1h,1770487200.0,1.4245,1.4487,1.424,1.4409,1815233.58,0.0,0.0,0
1h,1770490800.0,1.4409,1.4409,1.4286,1.4308,876900.32,0.0,0.0,0
1h,1770494400.0,1.4308,1.4416,1.4273,1.4368,828512.21,0.0,0.0,0
1h,1770498000.0,1.4368,1.439,1.4275,1.4291,665775.87,0.0,0.0,0
1h,1770501600.0,1.4291,1.4332,1.4201,1.4227,731460.99,0.0,0.0,0
1h,1770505200.0,1.4227,1.4278,1.4124,1.423,843736.2,0.0,0.0,0
1h,1770508800.0,1.423,1.4287,1.4147,1.4205,761895.51,0.0,0.0,0
1h,1770512400.0,1.4205,1.4379,1.4197,1.4323,891814.28,0.0,0.0,0
1h,1770516000.0,1.4323,1.4417,1.4243,1.4299,964587.8,0.0,0.0,0
1h,1770519600.0,1.4299,1.433,1.4137,1.4167,773377.74,0.0,0.0,0
1h,1770523200.0,1.4167,1.4237,1.4098,1.4231,706788.65,0.0,0.0,0
1h,1770526800.0,1.4231,1.426,1.4162,1.4184,620745.74,0.0,0.0,0
1h,1770530400.0,1.4184,1.4222,1.414,1.4163,494650.52,0.0,0.0,0
1h,1770534000.0,1.4163,1.4214,1.4121,1.4211,872459.49,0.0,0.0,0
1h,1770537600.0,1.4211,1.4632,1.4195,1.4539,3190592.7,0.0,0.0,0
1h,1770541200.0,1.4539,1.4588,1.4336,1.4381,1630904.61,0.0,0.0,0
1h,1770544800.0,1.4381,1.4461,1.4256,1.4312,1028468.56,0.0,0.0,0
1h,1770548400.0,1.4312,1.4529,1.4306,1.4529,1460917.05,0.0,0.0,0
1h,1770552000.0,1.4529,1.4567,1.4429,1.4557,2096115.56,0.0,0.0,0
1h,1770555600.0,1.4557,1.4693,1.4496,1.462,2595034.75,0.0,0.0,0
1h,1770559200.0,1.462,1.4682,1.4577,1.4617,1051431.47,0.0,0.0,0
1h,1770562800.0,1.4617,1.4638,1.4303,1.4403,2151375.44,0.0,0.0,0
1h,1770566400.0,1.4403,1.4459,1.4101,1.4186,4236661.1,0.0,0.0,0
1h,1770570000.0,1.4186,1.4358,1.4179,1.431,1191574.69,0.0,0.0,0
1h,1770573600.0,1.431,1.4528,1.4295,1.4393,1388552.78,0.0,0.0,0
1h,1770577200.0,1.4393,1.4513,1.4387,1.4501,1043406.58,0.0,0.0,0
1h,1770580800.0,1.4501,1.4501,1.434,1.4372,758280.1,0.0,0.0,0
1h,1770584400.0,1.4372,1.441,1.4242,1.4277,931425.39,0.0,0.0,0
1h,1770588000.0,1.4277,1.4369,1.4248,1.4351,1432549.42,0.0,0.0,0
1h,1770591600.0,1.4351,1.4629,1.4223,1.4309,3984209.26,0.0,0.0,0
1h,1770595200.0,1.4309,1.4417,1.4248,1.4332,1059735.96,0.0,0.0,0
1h,1770598800.0,1.4332,1.4449,1.4194,1.4243,2154774.15,0.0,0.0,0
1h,1770602400.0,1.4243,1.4545,1.4205,1.4418,1772294.83,0.0,0.0,0
1h,1770606000.0,1.4418,1.4543,1.4405,1.452,2072836.53,0.0,0.0,0
1h,1770609600.0,1.452,1.4527,1.4436,1.448,883787.97,0.0,0.0,0
1h,1770613200.0,1.448,1.4552,1.4412,1.4509,1425184.41,0.0,0.0,0
1h,1770616800.0,1.4509,1.4509,1.4279,1.4359,2637704.43,0.0,0.0,0
1h,1770620400.0,1.4359,1.4398,1.4216,1.4257,1890896.2,0.0,0.0,0
1h,1770624000.0,1.4257,1.4301,1.4016,1.4073,3546737.51,0.0,0.0,0
1h,1770627600.0,1.4073,1.4125,1.3939,1.3992,2180023.06,0.0,0.0,0
1h,1770631200.0,1.3992,1.4066,1.3726,1.383,3779480.04,0.0,0.0,0
1h,1770634800.0,1.383,1.3971,1.383,1.3933,2093065.21,0.0,0.0,0
1h,1770638400.0,1.3933,1.4147,1.3931,1.4084,2335114.61,0.0,0.0,0
1h,1770642000.0,1.4084,1.4124,1.3953,1.3957,1889522.65,0.0,0.0,0
1h,1770645600.0,1.3957,1.4383,1.3952,1.4307,5352487.51,0.0,0.0,0
1h,1770649200.0,1.4307,1.4497,1.4206,1.4462,3537642.63,0.0,0.0,0
1h,1770652800.0,1.4462,1.4643,1.4363,1.4515,2938422.98,0.0,0.0,0
1h,1770656400.0,1.4515,1.4563,1.4336,1.4505,3191627.42,0.0,0.0,0
1h,1770660000.0,1.4505,1.4592,1.437,1.4435,1734177.85,0.0,0.0,0
1h,1770663600.0,1.4435,1.4557,1.4415,1.453,1462705.74,0.0,0.0,0
1h,1770667200.0,1.453,1.4575,1.4441,1.4545,975421.09,0.0,0.0,0
1h,1770670800.0,1.4545,1.4587,1.4391,1.4511,1347432.64,0.0,0.0,0
1h,1770674400.0,1.4511,1.4523,1.4432,1.4444,970696.56,0.0,0.0,0
1h,1770678000.0,1.4444,1.4489,1.435,1.4368,946810.36,0.0,0.0,0
1h,1770681600.0,1.4368,1.4418,1.4338,1.4369,1077203.38,0.0,0.0,0
1h,1770685200.0,1.4369,1.4531,1.4364,1.4481,1122774.36,0.0,0.0,0
1h,1770688800.0,1.4481,1.4495,1.4429,1.4471,601007.0,0.0,0.0,0
1h,1770692400.0,1.4471,1.4508,1.4279,1.4351,1883411.76,0.0,0.0,0
1h,1770696000.0,1.4351,1.4523,1.4345,1.4475,2592669.6,0.0,0.0,0
1h,1770699600.0,1.4475,1.449,1.437,1.4421,1319742.52,0.0,0.0,0
1h,1770703200.0,1.4421,1.4423,1.4143,1.4203,2485213.12,0.0,0.0,0
1h,1770706800.0,1.4203,1.4283,1.42,1.4219,759129.24,0.0,0.0,0
1h,1770710400.0,1.4219,1.4328,1.4148,1.4294,686084.41,0.0,0.0,0
1h,1770714000.0,1.4294,1.4359,1.417,1.4212,1379723.28,0.0,0.0,0
1h,1770717600.0,1.4212,1.4237,1.4148,1.416,1216624.8,0.0,0.0,0
1h,1770721200.0,1.416,1.4197,1.4065,1.4081,2867543.59,0.0,0.0,0
1h,1770724800.0,1.4081,1.4138,1.4055,1.409,1371143.27,0.0,0.0,0
1h,1770728400.0,1.409,1.4173,1.4031,1.4152,1679543.81,0.0,0.0,0
1h,1770732000.0,1.4152,1.426,1.3933,1.4028,3666548.38,0.0,0.0,0
1h,1770735600.0,1.4028,1.414,1.3976,1.4071,1715882.96,0.0,0.0,0
1h,1770739200.0,1.4071,1.4204,1.3999,1.416,1108848.87,0.0,0.0,0
1h,1770742800.0,1.416,1.4293,1.4135,1.4248,1615819.39,0.0,0.0,0
1h,1770746400.0,1.4248,1.426,1.394,1.4022,1535354.32,0.0,0.0,0
1h,1770750000.0,1.4022,1.4095,1.3971,1.4009,871867.12,0.0,0.0,0
1h,1770753600.0,1.4009,1.4028,1.3924,1.3971,1202481.54,0.0,0.0,0
1h,1770757200.0,1.3971,1.4023,1.392,1.3938,867134.83,0.0,0.0,0
1h,1770760800.0,1.3938,1.405,1.3934,1.4,635633.69,0.0,0.0,0
1h,1770764400.0,1.4,1.4019,1.3953,1.4001,911794.04,0.0,0.0,0
1h,1770768000.0,1.4001,1.413,1.3991,1.4098,1669986.88,0.0,0.0,0
1h,1770771600.0,1.4098,1.4145,1.4066,1.4102,1250768.0,0.0,0.0,0
1h,1770775200.0,1.4102,1.4203,1.4097,1.41,1368994.24,0.0,0.0,0
1h,1770778800.0,1.41,1.4116,1.3943,1.4041,2423164.01,0.0,0.0,0
1h,1770782400.0,1.4041,1.4089,1.3801,1.3841,2772063.33,0.0,0.0,0
1h,1770786000.0,1.3841,1.3924,1.3742,1.3757,1952368.08,0.0,0.0,0
1h,1770789600.0,1.3757,1.3783,1.3581,1.3599,3909221.59,0.0,0.0,0
1h,1770793200.0,1.3599,1.3731,1.3583,1.3666,1504759.67,0.0,0.0,0
1h,1770796800.0,1.3666,1.3723,1.3609,1.367,1342830.6,0.0,0.0,0
1h,1770800400.0,1.367,1.3694,1.3566,1.3615,1404479.63,0.0,0.0,0
1h,1770804000.0,1.3615,1.3646,1.3554,1.3614,1427120.05,0.0,0.0,0
1h,1770807600.0,1.3614,1.3806,1.3609,1.379,3045516.39,0.0,0.0,0
1h,1770811200.0,1.379,1.3797,1.3709,1.3725,2427975.35,0.0,0.0,0
1h,1770814800.0,1.3725,1.3813,1.3604,1.3755,4901136.49,0.0,0.0,0
1h,1770818400.0,1.3755,1.4106,1.3583,1.3618,6406406.1,0.0,0.0,0
1h,1770822000.0,1.3618,1.3699,1.346,1.3541,5718660.69,0.0,0.0,0
1h,1770825600.0,1.3541,1.3697,1.3441,1.3452,3005466.71,0.0,0.0,0
1h,1770829200.0,1.3452,1.38,1.3422,1.3702,3226147.79,0.0,0.0,0
1h,1770832800.0,1.3702,1.386,1.3618,1.3783,2071417.12,0.0,0.0,0
1h,1770836400.0,1.3783,1.388,1.372,1.379,1373327.79,0.0,0.0,0
1h,1770840000.0,1.379,1.3865,1.375,1.3816,1292183.67,0.0,0.0,0
1h,1770843600.0,1.3816,1.3974,1.3794,1.3834,1811004.82,0.0,0.0,0
1h,1770847200.0,1.3834,1.3845,1.3698,1.3719,1115271.16,0.0,0.0,0
1h,1770850800.0,1.3719,1.373,1.3596,1.3697,1219245.9,0.0,0.0,0
1h,1770854400.0,1.3697,1.3847,1.3684,1.3774,2331019.77,0.0,0.0,0
1h,1770858000.0,1.3774,1.3867,1.3774,1.3811,1188141.36,0.0,0.0,0
1h,1770861600.0,1.3811,1.3856,1.3745,1.377,962397.75,0.0,0.0,0
1h,1770865200.0,1.377,1.3799,1.3711,1.3753,694820.16,0.0,0.0,0
1h,1770868800.0,1.3753,1.3807,1.3724,1.3755,820488.15,0.0,0.0,0
1h,1770872400.0,1.3755,1.3817,1.3727,1.3804,1491386.9,0.0,0.0,0
1h,1770876000.0,1.3804,1.3887,1.3782,1.3832,1074613.21,0.0,0.0,0
1h,1770879600.0,1.3832,1.3858,1.376,1.3819,1187425.15,0.0,0.0,0
1h,1770883200.0,1.3819,1.3848,1.3771,1.382,820042.18,0.0,0.0,0
1h,1770886800.0,1.382,1.3965,1.3803,1.396,2554502.7,0.0,0.0,0
1h,1770890400.0,1.396,1.4038,1.3891,1.4038,1290809.21,0.0,0.0,0
1h,1770894000.0,1.4038,1.4081,1.3936,1.4016,1907877.18,0.0,0.0,0
1h,1770897600.0,1.4016,1.403,1.3897,1.3928,1428786.69,0.0,0.0,0
1h,1770901200.0,1.3928,1.4025,1.3855,1.4015,1205115.83,0.0,0.0,0
1h,1770904800.0,1.4015,1.4026,1.3838,1.3891,1899663.05,0.0,0.0,0
1h,1770908400.0,1.3891,1.3966,1.3751,1.376,2406811.84,0.0,0.0,0
1h,1770912000.0,1.376,1.378,1.3464,1.3529,3064248.3,0.0,0.0,0
1h,1770915600.0,1.3529,1.3796,1.3462,1.3624,1984872.72,0.0,0.0,0
1h,1770919200.0,1.3624,1.3677,1.3522,1.3631,993815.04,0.0,0.0,0
1h,1770922800.0,1.3631,1.3764,1.3549,1.3645,1013826.93,0.0,0.0,0
1h,1770926400.0,1.3645,1.3666,1.3505,1.3521,1159084.28,0.0,0.0,0
1h,1770930000.0,1.3521,1.358,1.3489,1.3522,1312526.26,0.0,0.0,0
1h,1770933600.0,1.3522,1.3662,1.3503,1.3643,804033.13,0.0,0.0,0
1h,1770937200.0,1.3643,1.3705,1.3604,1.3634,1229866.59,0.0,0.0,0
1h,1770940800.0,1.3634,1.3684,1.3491,1.3536,1276269.44,0.0,0.0,0
1h,1770944400.0,1.3536,1.3627,1.3498,1.3577,911420.78,0.0,0.0,0
1h,1770948000.0,1.3577,1.3687,1.3571,1.3665,562083.95,0.0,0.0,0
1h,1770951600.0,1.3665,1.372,1.3621,1.3655,1250086.46,0.0,0.0,0
1h,1770955200.0,1.3655,1.3683,1.3578,1.3582,804095.12,0.0,0.0,0
1h,1770958800.0,1.3582,1.3609,1.3533,1.3533,673866.65,0.0,0.0,0
1h,1770962400.0,1.3533,1.3578,1.3485,1.357,1079442.88,0.0,0.0,0
1h,1770966000.0,1.357,1.3628,1.3496,1.354,846376.96,0.0,0.0,0
1h,1770969600.0,1.354,1.3693,1.3522,1.3673,914333.36,0.0,0.0,0
1h,1770973200.0,1.3673,1.371,1.3644,1.3684,1544485.24,0.0,0.0,0
1h,1770976800.0,1.3684,1.3728,1.365,1.3682,1517182.29,0.0,0.0,0
1h,1770980400.0,1.3682,1.3695,1.3608,1.368,1382462.2,0.0,0.0,0
1h,1770984000.0,1.368,1.368,1.3597,1.3647,1433575.04,0.0,0.0,0
1h,1770987600.0,1.3647,1.3828,1.3615,1.3766,2062382.58,0.0,0.0,0
1h,1770991200.0,1.3766,1.3941,1.3678,1.3852,3626074.34,0.0,0.0,0
1h,1770994800.0,1.3852,1.4219,1.3806,1.4047,4183252.24,0.0,0.0,0
1h,1770998400.0,1.4047,1.4283,1.3996,1.4167,4139446.67,0.0,0.0,0
1h,1771002000.0,1.4167,1.421,1.4075,1.4147,1698719.27,0.0,0.0,0
1h,1771005600.0,1.4147,1.4206,1.4062,1.4154,1337148.56,0.0,0.0,0
1h,1771009200.0,1.4154,1.4193,1.4083,1.4109,879591.07,0.0,0.0,0
1h,1771012800.0,1.4109,1.4144,1.4051,1.4131,765067.88,0.0,0.0,0
1h,1771016400.0,1.4131,1.4164,1.4068,1.4097,895467.25,0.0,0.0,0
1h,1771020000.0,1.4097,1.4099,1.3972,1.4032,668915.27,0.0,0.0,0
1h,1771023600.0,1.4032,1.4085,1.4019,1.4069,599275.62,0.0,0.0,0
1h,1771027200.0,1.4069,1.4168,1.405,1.4142,593239.87,0.0,0.0,0
1h,1771030800.0,1.4142,1.4181,1.4105,1.4124,497548.46,0.0,0.0,0
1h,1771034400.0,1.4124,1.4151,1.4101,1.4109,374050.88,0.0,0.0,0
1h,1771038000.0,1.4109,1.418,1.4104,1.4163,385080.44,0.0,0.0,0
1h,1771041600.0,1.4163,1.4195,1.4127,1.4127,400945.71,0.0,0.0,0
1h,1771045200.0,1.4127,1.4158,1.4081,1.4085,366866.41,0.0,0.0,0
1h,1771048800.0,1.4085,1.4149,1.4079,1.4143,301770.85,0.0,0.0,0
1h,1771052400.0,1.4143,1.4252,1.4119,1.4222,773760.51,0.0,0.0,0
1h,1771056000.0,1.4222,1.4492,1.4217,1.4471,2131178.33,0.0,0.0,0
1h,1771059600.0,1.4471,1.461,1.4463,1.452,2372395.24,0.0,0.0,0
1h,1771063200.0,1.452,1.4522,1.4411,1.4475,815472.96,0.0,0.0,0
1h,1771066800.0,1.4475,1.4736,1.4468,1.4718,2281318.17,0.0,0.0,0
1h,1771070400.0,1.4718,1.4771,1.4604,1.4644,1883525.26,0.0,0.0,0
1h,1771074000.0,1.4644,1.4696,1.4516,1.4573,1271161.16,0.0,0.0,0
1h,1771077600.0,1.4573,1.4747,1.4553,1.4713,1290881.31,0.0,0.0,0
1h,1771081200.0,1.4713,1.4735,1.4642,1.469,901437.36,0.0,0.0,0
1h,1771084800.0,1.469,1.4763,1.457,1.4749,862205.02,0.0,0.0,0
1h,1771088400.0,1.4749,1.48,1.4683,1.4735,942347.53,0.0,0.0,0
1h,1771092000.0,1.4735,1.493,1.4703,1.4882,1175456.74,0.0,0.0,0
1h,1771095600.0,1.4882,1.5005,1.4839,1.4979,998937.55,0.0,0.0,0
1h,1771099200.0,1.4979,1.5084,1.488,1.4954,1500789.86,0.0,0.0,0
1h,1771102800.0,1.4954,1.5047,1.4892,1.4978,990139.62,0.0,0.0,0
1h,1771106400.0,1.4978,1.505,1.4936,1.5009,589885.45,0.0,0.0,0
1h,1771110000.0,1.5009,1.5138,1.4992,1.5093,1414989.62,0.0,0.0,0
1h,1771113600.0,1.5093,1.5322,1.5061,1.522,2607739.22,0.0,0.0,0
1h,1771117200.0,1.522,1.5442,1.5154,1.5286,2568040.84,0.0,0.0,0
1h,1771120800.0,1.5286,1.5355,1.5167,1.5282,1733606.29,0.0,0.0,0
1h,1771124400.0,1.5282,1.5341,1.5057,1.5267,2006384.29,0.0,0.0,0
1h,1771128000.0,1.5267,1.56,1.525,1.5457,3733905.02,0.0,0.0,0
1h,1771131600.0,1.5457,1.5897,1.5454,1.5835,3283717.57,0.0,0.0,0
1h,1771135200.0,1.5835,1.5887,1.5725,1.5798,1940807.64,0.0,0.0,0
1h,1771138800.0,1.5798,1.65,1.5759,1.6497,4212066.57,0.0,0.0,0
1h,1771142400.0,1.6497,1.671,1.612,1.6163,9489698.51,0.0,0.0,0
1h,1771146000.0,1.6163,1.6231,1.5889,1.5902,3636584.72,0.0,0.0,0
1h,1771149600.0,1.5902,1.5973,1.5733,1.5853,5525270.75,0.0,0.0,0
1h,1771153200.0,1.5853,1.5953,1.5576,1.5622,2658038.59,0.0,0.0,0
1h,1771156800.0,1.5622,1.566,1.5199,1.5208,5403288.18,0.0,0.0,0
1h,1771160400.0,1.5208,1.5403,1.5116,1.5193,4712418.37,0.0,0.0,0
1h,1771164000.0,1.5193,1.5375,1.5152,1.5331,3539152.06,0.0,0.0,0
1h,1771167600.0,1.5331,1.5438,1.5215,1.5236,1808828.32,0.0,0.0,0
1h,1771171200.0,1.5236,1.5239,1.5073,1.5217,1669561.13,0.0,0.0,0
1h,1771174800.0,1.5217,1.5243,1.4822,1.494,3189608.88,0.0,0.0,0
1h,1771178400.0,1.494,1.4956,1.4648,1.4692,3632401.45,0.0,0.0,0
1h,1771182000.0,1.4692,1.4699,1.4478,1.4538,2857672.51,0.0,0.0,0
1h,1771185600.0,1.4538,1.4673,1.4452,1.462,2279338.29,0.0,0.0,0
1h,1771189200.0,1.462,1.4759,1.4615,1.4721,1991699.63,0.0,0.0,0
1h,1771192800.0,1.4721,1.4901,1.4685,1.4862,2681803.25,0.0,0.0,0
1h,1771196400.0,1.4862,1.4866,1.4583,1.4751,1964227.39,0.0,0.0,0
1h,1771200000.0,1.4751,1.487,1.4711,1.4788,2508921.11,0.0,0.0,0
1h,1771203600.0,1.4788,1.4831,1.465,1.4741,1468237.89,0.0,0.0,0
1h,1771207200.0,1.4741,1.4807,1.4541,1.4561,683781.94,0.0,0.0,0
1h,1771210800.0,1.4561,1.4627,1.4538,1.4616,747751.0,0.0,0.0,0
1h,1771214400.0,1.4616,1.4759,1.4601,1.4742,887086.29,0.0,0.0,0
1h,1771218000.0,1.4742,1.476,1.4485,1.456,1153846.86,0.0,0.0,0
1h,1771221600.0,1.456,1.4684,1.4544,1.4652,1155633.35,0.0,0.0,0
1h,1771225200.0,1.4652,1.4711,1.4578,1.4612,1104802.08,0.0,0.0,0
1h,1771228800.0,1.4612,1.4709,1.4612,1.4702,936503.99,0.0,0.0,0
1h,1771232400.0,1.4702,1.5141,1.469,1.5021,2544202.8,0.0,0.0,0
1h,1771236000.0,1.5021,1.5029,1.4835,1.4903,1208213.08,0.0,0.0,0
1h,1771239600.0,1.4903,1.4931,1.4685,1.4834,1354755.32,0.0,0.0,0
1h,1771243200.0,1.4834,1.508,1.48,1.5049,2444373.57,0.0,0.0,0
1h,1771246800.0,1.5049,1.5164,1.4807,1.4905,4455617.78,0.0,0.0,0
1h,1771250400.0,1.4905,1.5089,1.4846,1.4946,2629856.17,0.0,0.0,0
1h,1771254000.0,1.4946,1.5031,1.4615,1.4739,3567491.62,0.0,0.0,0
1h,1771257600.0,1.4739,1.4947,1.4725,1.4873,1838838.93,0.0,0.0,0
1h,1771261200.0,1.4873,1.4931,1.4813,1.4831,1683226.16,0.0,0.0,0
1h,1771264800.0,1.4831,1.4869,1.4711,1.4719,685979.63,0.0,0.0,0
1h,1771268400.0,1.4719,1.4822,1.4718,1.4753,692761.79,0.0,0.0,0
1h,1771272000.0,1.4753,1.4889,1.4685,1.4859,1233995.63,0.0,0.0,0
1h,1771275600.0,1.4859,1.4935,1.4809,1.4914,632420.47,0.0,0.0,0
1h,1771279200.0,1.4914,1.4938,1.4817,1.4837,982790.11,0.0,0.0,0
1h,1771282800.0,1.4837,1.4904,1.482,1.4875,544006.15,0.0,0.0,0
1h,1771286400.0,1.4875,1.4909,1.4818,1.4836,687237.97,0.0,0.0,0
1h,1771290000.0,1.4836,1.4917,1.4789,1.4794,768793.45,0.0,0.0,0
1h,1771293600.0,1.4794,1.4934,1.473,1.4872,1374406.75,0.0,0.0,0
1h,1771297200.0,1.4872,1.4898,1.4825,1.4829,681567.67,0.0,0.0,0
1h,1771300800.0,1.4829,1.4889,1.4746,1.4864,645953.43,0.0,0.0,0
1h,1771304400.0,1.4864,1.4879,1.4708,1.4757,715002.43,0.0,0.0,0
1h,1771308000.0,1.4757,1.4807,1.4742,1.4789,464463.29,0.0,0.0,0
1h,1771311600.0,1.4789,1.4789,1.4694,1.4732,497137.33,0.0,0.0,0
1h,1771315200.0,1.4732,1.4769,1.4639,1.4667,846802.09,0.0,0.0,0
1h,1771318800.0,1.4667,1.4672,1.4538,1.4613,1145909.33,0.0,0.0,0
1h,1771322400.0,1.4613,1.4624,1.4514,1.4555,647023.39,0.0,0.0,0
1h,1771326000.0,1.4555,1.4599,1.45,1.4527,1210482.35,0.0,0.0,0
1h,1771329600.0,1.4527,1.4629,1.452,1.4567,970765.15,0.0,0.0,0
1h,1771333200.0,1.4567,1.4634,1.4517,1.4579,1217517.57,0.0,0.0,0
1h,1771336800.0,1.4579,1.4627,1.4272,1.4355,3274566.08,0.0,0.0,0
1h,1771340400.0,1.4355,1.4583,1.4345,1.4569,1949054.97,0.0,0.0,0
1h,1771344000.0,1.4569,1.4949,1.4569,1.4771,3355924.98,0.0,0.0,0
1h,1771347600.0,1.4771,1.4796,1.457,1.4654,1240731.81,0.0,0.0,0
1h,1771351200.0,1.4654,1.4896,1.4639,1.4834,1763629.11,0.0,0.0,0
1h,1771354800.0,1.4834,1.4892,1.4763,1.4856,1046601.36,0.0,0.0,0
1h,1771358400.0,1.4856,1.489,1.4753,1.4877,1253498.18,0.0,0.0,0
1h,1771362000.0,1.4877,1.4937,1.4795,1.4838,1094955.78,0.0,0.0,0
1h,1771365600.0,1.4838,1.4848,1.473,1.4746,344848.62,0.0,0.0,0
1h,1771369200.0,1.4746,1.4772,1.4706,1.474,371721.18,0.0,0.0,0
1h,1771372800.0,1.474,1.4792,1.4689,1.4696,729726.01,0.0,0.0,0
1h,1771376400.0,1.4696,1.4709,1.4635,1.4669,901430.12,0.0,0.0,0
1h,1771380000.0,1.4669,1.4767,1.4664,1.4754,354760.61,0.0,0.0,0
1h,1771383600.0,1.4754,1.4833,1.4742,1.4794,423440.2,0.0,0.0,0
1h,1771387200.0,1.4794,1.4848,1.4763,1.4806,517434.48,0.0,0.0,0
1h,1771390800.0,1.4806,1.4875,1.4753,1.4759,1229884.75,0.0,0.0,0
1h,1771394400.0,1.4759,1.4839,1.4754,1.4801,726445.15,0.0,0.0,0
1h,1771398000.0,1.4801,1.4887,1.4767,1.4868,383005.52,0.0,0.0,0
1h,1771401600.0,1.4868,1.4938,1.4856,1.4893,772013.32,0.0,0.0,0
1h,1771405200.0,1.4893,1.4923,1.4847,1.4877,295160.78,0.0,0.0,0
1h,1771408800.0,1.4877,1.4901,1.4764,1.4784,689464.66,0.0,0.0,0
1h,1771412400.0,1.4784,1.4786,1.4636,1.4665,1010902.18,0.0,0.0,0
1h,1771416000.0,1.4665,1.4715,1.4588,1.4649,1287176.09,0.0,0.0,0
1h,1771419600.0,1.4649,1.4715,1.4606,1.4688,1298450.33,0.0,0.0,0
1h,1771423200.0,1.4688,1.471,1.4521,1.4655,1775435.94,0.0,0.0,0
1h,1771426800.0,1.4655,1.4887,1.4641,1.4766,1510735.02,0.0,0.0,0
1h,1771430400.0,1.4766,1.4771,1.4568,1.4599,1251648.18,0.0,0.0,0
1h,1771434000.0,1.4599,1.4712,1.4548,1.4565,1008957.38,0.0,0.0,0
1h,1771437600.0,1.4565,1.4589,1.4401,1.441,1380012.62,0.0,0.0,0
1h,1771441200.0,1.441,1.4458,1.4192,1.4229,3848460.17,0.0,0.0,0
1h,1771444800.0,1.4229,1.4333,1.4208,1.4221,1467403.83,0.0,0.0,0
1h,1771448400.0,1.4221,1.429,1.4172,1.4202,728493.91,0.0,0.0,0
1h,1771452000.0,1.4202,1.4243,1.4155,1.4207,732152.87,0.0,0.0,0
1h,1771455600.0,1.4207,1.4229,1.4104,1.4218,906522.97,0.0,0.0,0
1h,1771459200.0,1.4218,1.4242,1.4151,1.4173,600287.2,0.0,0.0,0
1h,1771462800.0,1.4173,1.4268,1.4146,1.4268,1609791.34,0.0,0.0,0
1h,1771466400.0,1.4268,1.4299,1.42,1.4265,510972.06,0.0,0.0,0
1h,1771470000.0,1.4265,1.4301,1.4223,1.4286,1040570.28,0.0,0.0,0
1h,1771473600.0,1.4286,1.4308,1.4164,1.4178,432543.19,0.0,0.0,0
1h,1771477200.0,1.4178,1.4211,1.4051,1.4126,909179.01,0.0,0.0,0
1h,1771480800.0,1.4126,1.4275,1.412,1.4275,731101.15,0.0,0.0,0
1h,1771484400.0,1.4275,1.4382,1.4218,1.4328,1416276.26,0.0,0.0,0
1h,1771488000.0,1.4328,1.4341,1.4147,1.4168,1555551.57,0.0,0.0,0
1h,1771491600.0,1.4168,1.4278,1.414,1.4152,1091699.71,0.0,0.0,0
1h,1771495200.0,1.4152,1.4174,1.4076,1.4109,622007.44,0.0,0.0,0
1h,1771498800.0,1.4109,1.4171,1.4064,1.4094,662347.9,0.0,0.0,0
1h,1771502400.0,1.4094,1.4144,1.4057,1.4079,1047941.05,0.0,0.0,0
1h,1771506000.0,1.4079,1.4093,1.3866,1.392,3353359.58,0.0,0.0,0
1h,1771509600.0,1.392,1.4052,1.3897,1.4008,3323437.73,0.0,0.0,0
1h,1771513200.0,1.4008,1.4099,1.3863,1.3976,2219241.31,0.0,0.0,0
1h,1771516800.0,1.3976,1.3988,1.3819,1.3921,2165834.72,0.0,0.0,0
1h,1771520400.0,1.3921,1.4129,1.3909,1.3961,1672542.22,0.0,0.0,0
1h,1771524000.0,1.3961,1.4141,1.3942,1.4132,919421.29,0.0,0.0,0
1h,1771527600.0,1.4132,1.4187,1.4041,1.4124,1037563.36,0.0,0.0,0
1h,1771531200.0,1.4124,1.4148,1.4044,1.4112,1107142.99,0.0,0.0,0
1h,1771534800.0,1.4112,1.413,1.4073,1.4081,572810.36,0.0,0.0,0
1h,1771538400.0,1.4081,1.411,1.3954,1.4012,645186.35,0.0,0.0,0
1h,1771542000.0,1.4012,1.4095,1.4,1.4069,787016.51,0.0,0.0,0
1h,1771545600.0,1.4069,1.4219,1.4055,1.4169,1008690.24,0.0,0.0,0
1h,1771549200.0,1.4169,1.4254,1.4156,1.4254,827238.69,0.0,0.0,0
1h,1771552800.0,1.4254,1.4287,1.4177,1.4177,401570.04,0.0,0.0,0
1h,1771556400.0,1.4177,1.4209,1.4117,1.413,491834.07,0.0,0.0,0
1h,1771560000.0,1.413,1.4137,1.4006,1.4105,439419.33,0.0,0.0,0
1h,1771563600.0,1.4105,1.4244,1.405,1.4188,1067708.12,0.0,0.0,0
1h,1771567200.0,1.4188,1.4218,1.4134,1.4202,519177.42,0.0,0.0,0
1h,1771570800.0,1.4202,1.4237,1.4166,1.4198,454334.8,0.0,0.0,0
1h,1771574400.0,1.4198,1.4227,1.4139,1.4188,578913.5,0.0,0.0,0
1h,1771578000.0,1.4188,1.4288,1.4175,1.4231,952980.97,0.0,0.0,0
1h,1771581600.0,1.4231,1.4279,1.4204,1.421,1095072.71,0.0,0.0,0
1h,1771585200.0,1.421,1.4224,1.403,1.4058,1344647.47,0.0,0.0,0
1h,1771588800.0,1.4058,1.4093,1.403,1.405,1111728.58,0.0,0.0,0
1h,1771592400.0,1.405,1.4052,1.3773,1.3841,2824469.29,0.0,0.0,0
1h,1771596000.0,1.3841,1.4075,1.3836,1.3996,1817960.64,0.0,0.0,0
1h,1771599600.0,1.3996,1.4305,1.3996,1.4286,4782943.98,0.0,0.0,0
1h,1771603200.0,1.4286,1.4389,1.4235,1.4326,4318521.14,0.0,0.0,0
1h,1771606800.0,1.4326,1.4326,1.4078,1.4298,2978122.09,0.0,0.0,0
1h,1771610400.0,1.4298,1.439,1.4234,1.4329,2002560.11,0.0,0.0,0
1h,1771614000.0,1.4329,1.4351,1.4211,1.4237,1026513.32,0.0,0.0,0
1h,1771617600.0,1.4237,1.4296,1.4146,1.42,868455.84,0.0,0.0,0
1h,1771621200.0,1.42,1.4256,1.4177,1.4219,649744.0,0.0,0.0,0
1h,1771624800.0,1.4219,1.4302,1.4176,1.4301,743985.49,0.0,0.0,0
1h,1771628400.0,1.4301,1.4316,1.4238,1.4294,663509.09,0.0,0.0,0
1h,1771632000.0,1.4294,1.4295,1.4197,1.4228,552361.38,0.0,0.0,0
1h,1771635600.0,1.4228,1.4329,1.4228,1.4307,348982.87,0.0,0.0,0
1h,1771639200.0,1.4307,1.4335,1.4284,1.4306,352849.22,0.0,0.0,0
1h,1771642800.0,1.4306,1.4308,1.4235,1.4256,498710.88,0.0,0.0,0
1h,1771646400.0,1.4256,1.4296,1.4245,1.4285,387528.66,0.0,0.0,0
1h,1771650000.0,1.4285,1.4315,1.4269,1.4279,509905.58,0.0,0.0,0
1h,1771653600.0,1.4279,1.4354,1.4279,1.4294,738708.66,0.0,0.0,0
1h,1771657200.0,1.4294,1.4327,1.428,1.4311,231279.94,0.0,0.0,0
1h,1771660800.0,1.4311,1.4353,1.4275,1.4339,589479.67,0.0,0.0,0
1h,1771664400.0,1.4339,1.4461,1.4321,1.4394,1087774.8,0.0,0.0,0
1h,1771668000.0,1.4394,1.4426,1.4369,1.4398,372181.0,0.0,0.0,0
1h,1771671600.0,1.4398,1.4459,1.4387,1.4439,652557.22,0.0,0.0,0
1h,1771675200.0,1.4439,1.4453,1.436,1.4401,638995.75,0.0,0.0,0
1h,1771678800.0,1.4401,1.4481,1.4371,1.4478,437432.89,0.0,0.0,0
1h,1771682400.0,1.4478,1.4644,1.4448,1.4554,1505197.05,0.0,0.0,0
1h,1771686000.0,1.4554,1.4574,1.4469,1.4503,737011.56,0.0,0.0,0
1h,1771689600.0,1.4503,1.4522,1.4386,1.4416,822997.87,0.0,0.0,0
1h,1771693200.0,1.4416,1.4431,1.4364,1.4422,356548.19,0.0,0.0,0
1h,1771696800.0,1.4422,1.4497,1.4417,1.4479,568050.28,0.0,0.0,0
1h,1771700400.0,1.4479,1.4488,1.4425,1.4433,249645.28,0.0,0.0,0
1h,1771704000.0,1.4433,1.444,1.4348,1.4376,538030.32,0.0,0.0,0
1h,1771707600.0,1.4376,1.4419,1.4355,1.4412,205079.4,0.0,0.0,0
1h,1771711200.0,1.4412,1.4433,1.4316,1.4327,733584.45,0.0,0.0,0
1h,1771714800.0,1.4327,1.4357,1.4301,1.4305,296562.5,0.0,0.0,0
1h,1771718400.0,1.4305,1.4339,1.4244,1.4275,354778.88,0.0,0.0,0
1h,1771722000.0,1.4275,1.433,1.4274,1.4328,282481.6,0.0,0.0,0
1h,1771725600.0,1.4328,1.433,1.4222,1.4239,367758.73,0.0,0.0,0
1h,1771729200.0,1.4239,1.4277,1.4183,1.4237,410576.29,0.0,0.0,0
1h,1771732800.0,1.4237,1.4258,1.4217,1.4228,170135.62,0.0,0.0,0
1h,1771736400.0,1.4228,1.4229,1.4173,1.4209,324777.42,0.0,0.0,0
1h,1771740000.0,1.4209,1.4247,1.4184,1.4232,419826.48,0.0,0.0,0
1h,1771743600.0,1.4232,1.424,1.4192,1.4213,312600.01,0.0,0.0,0
1h,1771747200.0,1.4213,1.4236,1.4169,1.4181,234099.9,0.0,0.0,0
1h,1771750800.0,1.4181,1.4224,1.4174,1.4208,203091.9,0.0,0.0,0
1h,1771754400.0,1.4208,1.4262,1.4193,1.4213,328857.35,0.0,0.0,0
1h,1771758000.0,1.4213,1.4249,1.4206,1.4236,239445.46,0.0,0.0,0
1h,1771761600.0,1.4236,1.4238,1.4071,1.4091,793271.43,0.0,0.0,0
1h,1771765200.0,1.4091,1.4111,1.3977,1.4,1232004.91,0.0,0.0,0
1h,1771768800.0,1.4,1.4026,1.3944,1.3971,733510.53,0.0,0.0,0
1h,1771772400.0,1.3971,1.3973,1.3859,1.3934,1077445.6,0.0,0.0,0
1h,1771776000.0,1.3934,1.395,1.3879,1.3927,505070.5,0.0,0.0,0
1h,1771779600.0,1.3927,1.3928,1.3834,1.3882,737041.65,0.0,0.0,0
1h,1771783200.0,1.3882,1.3919,1.387,1.3902,202296.23,0.0,0.0,0
1h,1771786800.0,1.3902,1.3908,1.3853,1.3867,387006.94,0.0,0.0,0
1h,1771790400.0,1.3867,1.387,1.38,1.3832,930190.43,0.0,0.0,0
1h,1771794000.0,1.3832,1.3922,1.3832,1.3914,467764.58,0.0,0.0,0
1h,1771797600.0,1.3914,1.4019,1.3895,1.4011,947177.85,0.0,0.0,0
1h,1771801200.0,1.4011,1.4012,1.3882,1.3931,544485.81,0.0,0.0,0
1h,1771804800.0,1.3931,1.3947,1.3638,1.3648,1570484.2,0.0,0.0,0
1h,1771808400.0,1.3648,1.3662,1.3302,1.3325,6817126.96,0.0,0.0,0
1h,1771812000.0,1.3325,1.3438,1.332,1.3423,1748271.42,0.0,0.0,0
1h,1771815600.0,1.3423,1.3529,1.339,1.3412,1701269.91,0.0,0.0,0
1h,1771819200.0,1.3412,1.3422,1.3358,1.3386,839579.67,0.0,0.0,0
1h,1771822800.0,1.3386,1.3489,1.3386,1.3432,1438489.17,0.0,0.0,0
1h,1771826400.0,1.3432,1.3693,1.3422,1.3682,1571026.8,0.0,0.0,0
1h,1771830000.0,1.3682,1.3782,1.3673,1.3713,997887.06,0.0,0.0,0
1h,1771833600.0,1.3713,1.3732,1.3621,1.366,1132903.42,0.0,0.0,0
1h,1771837200.0,1.366,1.3963,1.3656,1.3914,2452882.22,0.0,0.0,0
1h,1771840800.0,1.3914,1.3974,1.3872,1.3926,1467684.13,0.0,0.0,0
1h,1771844400.0,1.3926,1.406,1.3915,1.3967,1467353.31,0.0,0.0,0
1h,1771848000.0,1.3967,1.425,1.3954,1.4126,2541525.27,0.0,0.0,0
1h,1771851600.0,1.4126,1.4154,1.3948,1.3959,1678083.84,0.0,0.0,0
1h,1771855200.0,1.3959,1.399,1.3705,1.3837,3545983.27,0.0,0.0,0
1h,1771858800.0,1.3837,1.3906,1.3674,1.3708,2110242.93,0.0,0.0,0
1h,1771862400.0,1.3708,1.3784,1.3616,1.3664,1718753.9,0.0,0.0,0
1h,1771866000.0,1.3664,1.37,1.3484,1.3645,1927854.52,0.0,0.0,0
1h,1771869600.0,1.3645,1.3759,1.3611,1.3653,1164485.51,0.0,0.0,0
1h,1771873200.0,1.3653,1.3667,1.3556,1.3572,548925.75,0.0,0.0,0
1h,1771876800.0,1.3572,1.3597,1.3501,1.3553,613080.61,0.0,0.0,0
1h,1771880400.0,1.3553,1.3636,1.3503,1.3618,482450.27,0.0,0.0,0
1h,1771884000.0,1.3618,1.3673,1.3551,1.3562,1413798.69,0.0,0.0,0
1h,1771887600.0,1.3562,1.3595,1.3505,1.3521,874703.45,0.0,0.0,0
1h,1771891200.0,1.3521,1.3582,1.3519,1.3571,722002.92,0.0,0.0,0
1h,1771894800.0,1.3571,1.3625,1.3273,1.3506,3748206.26,0.0,0.0,0
1h,1771898400.0,1.3506,1.3581,1.3432,1.3481,1386629.77,0.0,0.0,0
1h,1771902000.0,1.3481,1.3481,1.3279,1.3324,1661974.9,0.0,0.0,0
1h,1771905600.0,1.3324,1.3353,1.3219,1.3318,1556102.59,0.0,0.0,0
1h,1771909200.0,1.3318,1.3428,1.3254,1.3316,1474822.51,0.0,0.0,0
1h,1771912800.0,1.3316,1.3374,1.3262,1.3296,715053.97,0.0,0.0,0
1h,1771916400.0,1.3296,1.3314,1.3226,1.3267,639498.74,0.0,0.0,0
1h,1771920000.0,1.3267,1.3354,1.3223,1.3324,825751.13,0.0,0.0,0
1h,1771923600.0,1.3324,1.3346,1.3215,1.3318,881906.5,0.0,0.0,0
1h,1771927200.0,1.3318,1.3359,1.327,1.3307,977533.05,0.0,0.0,0
1h,1771930800.0,1.3307,1.3345,1.3281,1.3335,645132.7,0.0,0.0,0
1h,1771934400.0,1.3335,1.3382,1.3293,1.3322,1745094.32,0.0,0.0,0
1h,1771938000.0,1.3322,1.3357,1.3224,1.3306,1134966.03,0.0,0.0,0
1h,1771941600.0,1.3306,1.3456,1.3126,1.3358,3198345.09,0.0,0.0,0
1h,1771945200.0,1.3358,1.353,1.3324,1.3517,1632110.75,0.0,0.0,0
1h,1771948800.0,1.3517,1.3642,1.3452,1.3577,2008103.38,0.0,0.0,0
1h,1771952400.0,1.3577,1.3636,1.356,1.3595,1144032.05,0.0,0.0,0
1h,1771956000.0,1.3595,1.3676,1.3528,1.3605,1457567.41,0.0,0.0,0
1h,1771959600.0,1.3605,1.364,1.35,1.3554,986915.09,0.0,0.0,0
1h,1771963200.0,1.3554,1.3636,1.3547,1.3573,1177653.29,0.0,0.0,0
1h,1771966800.0,1.3573,1.3588,1.3495,1.352,1091295.48,0.0,0.0,0
1h,1771970400.0,1.352,1.3579,1.3501,1.353,953944.87,0.0,0.0,0
1h,1771974000.0,1.353,1.3544,1.3416,1.3481,639218.15,0.0,0.0,0
1h,1771977600.0,1.3481,1.3522,1.3405,1.3469,1712934.39,0.0,0.0,0
1h,1771981200.0,1.3469,1.3995,1.3459,1.3866,6651135.35,0.0,0.0,0
1h,1771984800.0,1.3866,1.3948,1.3787,1.3795,2340292.01,0.0,0.0,0
1h,1771988400.0,1.3795,1.3814,1.3664,1.3699,1362757.66,0.0,0.0,0
1h,1771992000.0,1.3699,1.3756,1.3599,1.3688,1434314.17,0.0,0.0,0
1h,1771995600.0,1.3688,1.3702,1.353,1.3586,1288516.6,0.0,0.0,0
1h,1771999200.0,1.3586,1.3667,1.3573,1.3601,629878.6,0.0,0.0,0
1h,1772002800.0,1.3601,1.3681,1.3587,1.3659,469457.61,0.0,0.0,0
1h,1772006400.0,1.3659,1.3741,1.363,1.3726,765097.59,0.0,0.0,0
1h,1772010000.0,1.3726,1.3829,1.372,1.3804,979547.9,0.0,0.0,0
1h,1772013600.0,1.3804,1.3841,1.3743,1.3754,617406.64,0.0,0.0,0
1h,1772017200.0,1.3754,1.3855,1.3726,1.3839,941434.42,0.0,0.0,0
1h,1772020800.0,1.3839,1.4033,1.3813,1.3999,1659906.89,0.0,0.0,0
1h,1772024400.0,1.3999,1.4244,1.3986,1.4132,2592611.59,0.0,0.0,0
1h,1772028000.0,1.4132,1.4368,1.4132,1.4361,4251874.23,0.0,0.0,0
1h,1772031600.0,1.4361,1.4459,1.4253,1.4411,4091557.1,0.0,0.0,0
1h,1772035200.0,1.4411,1.4506,1.4378,1.4486,2707787.84,0.0,0.0,0
1h,1772038800.0,1.4486,1.4741,1.446,1.4665,3446360.8,0.0,0.0,0
1h,1772042400.0,1.4665,1.4768,1.4562,1.472,2373404.5,0.0,0.0,0
1h,1772046000.0,1.472,1.4731,1.4538,1.4666,3450736.16,0.0,0.0,0
1h,1772049600.0,1.4666,1.4711,1.457,1.4646,2978383.22,0.0,0.0,0
1h,1772053200.0,1.4646,1.4936,1.4628,1.4759,4878500.14,0.0,0.0,0
1h,1772056800.0,1.4759,1.4881,1.4444,1.4558,3382703.0,0.0,0.0,0
1h,1772060400.0,1.4558,1.4573,1.4193,1.4338,4664948.03,0.0,0.0,0
1h,1772064000.0,1.4338,1.4475,1.4268,1.4394,1788227.7,0.0,0.0,0
1h,1772067600.0,1.4394,1.4437,1.4234,1.4239,1258015.76,0.0,0.0,0
1h,1772071200.0,1.4239,1.4395,1.4186,1.438,1376107.47,0.0,0.0,0
1h,1772074800.0,1.438,1.4458,1.4341,1.442,1207492.04,0.0,0.0,0
1h,1772078400.0,1.442,1.4691,1.4402,1.4589,2007277.71,0.0,0.0,0
1h,1772082000.0,1.4589,1.4597,1.4402,1.448,1630155.84,0.0,0.0,0
1h,1772085600.0,1.448,1.4553,1.4434,1.4446,1052265.63,0.0,0.0,0
1h,1772089200.0,1.4446,1.4455,1.4303,1.434,916966.24,0.0,0.0,0
1h,1772092800.0,1.434,1.4452,1.4339,1.4359,1223708.68,0.0,0.0,0
1h,1772096400.0,1.4359,1.4533,1.4347,1.452,1098647.41,0.0,0.0,0
1h,1772100000.0,1.452,1.4569,1.4413,1.4427,1223269.64,0.0,0.0,0
1h,1772103600.0,1.4427,1.4454,1.4346,1.4371,675300.23,0.0,0.0,0
1h,1772107200.0,1.4371,1.4439,1.4357,1.4422,1044781.08,0.0,0.0,0
1h,1772110800.0,1.4422,1.446,1.4363,1.4399,1004665.13,0.0,0.0,0
1h,1772114400.0,1.4399,1.4449,1.4224,1.4357,2778742.38,0.0,0.0,0
1h,1772118000.0,1.4357,1.4362,1.4083,1.4213,5029278.4,0.0,0.0,0
1h,1772121600.0,1.4213,1.4235,1.3854,1.3887,4446116.34,0.0,0.0,0
1h,1772125200.0,1.3887,1.3983,1.3843,1.3879,2471737.89,0.0,0.0,0
1h,1772128800.0,1.3879,1.3995,1.3825,1.3937,2507169.95,0.0,0.0,0
1h,1772132400.0,1.3937,1.4125,1.3929,1.407,3589848.27,0.0,0.0,0
1h,1772136000.0,1.407,1.4131,1.3932,1.3939,1941964.17,0.0,0.0,0
1h,1772139600.0,1.3939,1.3972,1.3882,1.3948,754421.81,0.0,0.0,0
1h,1772143200.0,1.3948,1.4053,1.3937,1.4026,688670.26,0.0,0.0,0
1h,1772146800.0,1.4026,1.4036,1.3969,1.4025,656840.17,0.0,0.0,0
1h,1772150400.0,1.4025,1.4045,1.3933,1.4015,2046698.38,0.0,0.0,0
1h,1772154000.0,1.4015,1.4063,1.3961,1.4054,845614.91,0.0,0.0,0
1h,1772157600.0,1.4054,1.4131,1.4051,1.4067,1275852.22,0.0,0.0,0
1h,1772161200.0,1.4067,1.4092,1.4,1.4077,852245.32,0.0,0.0,0
1h,1772164800.0,1.4077,1.4215,1.4054,1.4077,1794293.16,0.0,0.0,0
1h,1772168400.0,1.4077,1.4148,1.4069,1.4104,679337.45,0.0,0.0,0
1h,1772172000.0,1.4104,1.4145,1.4042,1.4124,722383.2,0.0,0.0,0
1h,1772175600.0,1.4124,1.4173,1.4061,1.417,791886.65,0.0,0.0,0
1h,1772179200.0,1.417,1.4236,1.4148,1.4216,1048580.02,0.0,0.0,0
1h,1772182800.0,1.4216,1.4261,1.405,1.4068,1078200.04,0.0,0.0,0
1h,1772186400.0,1.4068,1.4074,1.387,1.3888,2446996.74,0.0,0.0,0
1h,1772190000.0,1.3888,1.3967,1.3801,1.3826,1949825.94,0.0,0.0,0
1h,1772193600.0,1.3826,1.3851,1.373,1.3776,1634600.96,0.0,0.0,0
1h,1772197200.0,1.3776,1.3821,1.3632,1.3711,3447383.82,0.0,0.0,0
1h,1772200800.0,1.3711,1.3741,1.3575,1.3593,2813248.77,0.0,0.0,0
1h,1772204400.0,1.3593,1.3666,1.3525,1.3569,3780053.07,0.0,0.0,0
1h,1772208000.0,1.3569,1.3588,1.3483,1.3509,3381107.36,0.0,0.0,0
1h,1772211600.0,1.3509,1.3595,1.3384,1.3579,6113822.42,0.0,0.0,0
1h,1772215200.0,1.3579,1.3641,1.3528,1.3567,3522999.91,0.0,0.0,0
1h,1772218800.0,1.3567,1.3573,1.3463,1.3509,2925944.56,0.0,0.0,0
1h,1772222400.0,1.3509,1.3563,1.3505,1.3531,1032331.53,0.0,0.0,0
1h,1772226000.0,1.3531,1.3563,1.3477,1.3514,1554370.17,0.0,0.0,0
1h,1772229600.0,1.3514,1.3557,1.3378,1.354,1706052.39,0.0,0.0,0
1h,1772233200.0,1.354,1.3572,1.3513,1.3564,969996.61,0.0,0.0,0
1h,1772236800.0,1.3564,1.3634,1.3553,1.3624,1617262.02,0.0,0.0,0
1h,1772240400.0,1.3624,1.3655,1.3569,1.3587,686199.65,0.0,0.0,0
1h,1772244000.0,1.3587,1.3631,1.3568,1.3614,388375.77,0.0,0.0,0
1h,1772247600.0,1.3614,1.3616,1.3528,1.3548,493246.87,0.0,0.0,0
1h,1772251200.0,1.3548,1.358,1.3497,1.3539,432328.61,0.0,0.0,0
1h,1772254800.0,1.3539,1.3559,1.3468,1.3496,593635.47,0.0,0.0,0
1h,1772258400.0,1.3496,1.3513,1.2933,1.2965,7927369.46,0.0,0.0,0
1h,1772262000.0,1.2965,1.3226,1.2901,1.3031,4922572.59,0.0,0.0,0
1h,1772265600.0,1.3031,1.3031,1.2835,1.2866,2889882.08,0.0,0.0,0
1h,1772269200.0,1.2866,1.2896,1.2717,1.2781,2254795.17,0.0,0.0,0
1h,1772272800.0,1.2781,1.2948,1.2702,1.2895,3172380.15,0.0,0.0,0
1h,1772276400.0,1.2895,1.3071,1.2869,1.293,3367940.07,0.0,0.0,0
1h,1772280000.0,1.293,1.2993,1.2921,1.2958,1458936.74,0.0,0.0,0
1h,1772283600.0,1.2958,1.344,1.2947,1.3414,6426291.99,0.0,0.0,0
1h,1772287200.0,1.3414,1.3502,1.3144,1.3184,5289514.15,0.0,0.0,0
1h,1772290800.0,1.3184,1.333,1.3111,1.3237,3390954.85,0.0,0.0,0
1h,1772294400.0,1.3237,1.3315,1.3171,1.3262,1459402.57,0.0,0.0,0
1h,1772298000.0,1.3262,1.3307,1.3142,1.3286,2186537.62,0.0,0.0,0
1h,1772301600.0,1.3286,1.3488,1.3228,1.3428,1934225.8,0.0,0.0,0
1h,1772305200.0,1.3428,1.3592,1.3352,1.3543,2183223.02,0.0,0.0,0
1h,1772308800.0,1.3543,1.3845,1.3505,1.3808,2820047.68,0.0,0.0,0
1h,1772312400.0,1.3808,1.3829,1.3654,1.3773,2022427.9,0.0,0.0,0
1h,1772316000.0,1.3773,1.3929,1.375,1.3807,1402465.01,0.0,0.0,0
1h,1772319600.0,1.3807,1.3866,1.3739,1.3762,889295.18,0.0,0.0,0
1h,1772323200.0,1.3762,1.3823,1.3722,1.3789,1026191.46,0.0,0.0,0
1h,1772326800.0,1.3789,1.4143,1.3652,1.4031,3313325.19,0.0,0.0,0
1h,1772330400.0,1.4031,1.4332,1.4029,1.4249,4536083.01,0.0,0.0,0
1h,1772334000.0,1.4249,1.4331,1.4136,1.4185,2566819.86,0.0,0.0,0
1h,1772337600.0,1.4185,1.4216,1.4049,1.4138,2177458.33,0.0,0.0,0
1h,1772341200.0,1.4138,1.4195,1.4089,1.4092,879544.09,0.0,0.0,0
1h,1772344800.0,1.4092,1.4103,1.3887,1.3947,2335990.14,0.0,0.0,0
1h,1772348400.0,1.3947,1.4022,1.3932,1.3979,855819.05,0.0,0.0,0
1h,1772352000.0,1.3979,1.4,1.3764,1.3803,1440049.86,0.0,0.0,0
1h,1772355600.0,1.3803,1.3875,1.37,1.3731,1784023.58,0.0,0.0,0
1h,1772359200.0,1.3731,1.3817,1.367,1.3767,1427108.94,0.0,0.0,0
1h,1772362800.0,1.3767,1.3823,1.3753,1.3763,641739.19,0.0,0.0,0
1h,1772366400.0,1.3763,1.3788,1.3674,1.3679,629446.44,0.0,0.0,0
1h,1772370000.0,1.3679,1.3964,1.3616,1.3883,2971638.35,0.0,0.0,0
1h,1772373600.0,1.3883,1.4033,1.3738,1.3805,2405544.29,0.0,0.0,0
1h,1772377200.0,1.3805,1.3909,1.3767,1.3786,1407082.11,0.0,0.0,0
1h,1772380800.0,1.3786,1.3863,1.3594,1.37,1724701.27,0.0,0.0,0
1h,1772384400.0,1.37,1.372,1.3566,1.3662,1083599.5,0.0,0.0,0
1h,1772388000.0,1.3662,1.3788,1.3639,1.3681,1201805.58,0.0,0.0,0
1h,1772391600.0,1.3681,1.3682,1.3538,1.3565,914315.11,0.0,0.0,0
1h,1772395200.0,1.3565,1.3565,1.3372,1.3416,1700951.47,0.0,0.0,0
1h,1772398800.0,1.3416,1.3568,1.3413,1.3541,861388.14,0.0,0.0,0
1h,1772402400.0,1.3541,1.3729,1.3413,1.3423,2494047.75,0.0,0.0,0
1h,1772406000.0,1.3423,1.3588,1.3397,1.3525,1024544.07,0.0,0.0,0
1h,1772409600.0,1.3525,1.3727,1.3509,1.3651,1180811.54,0.0,0.0,0
1h,1772413200.0,1.3651,1.3814,1.3636,1.3678,1508501.43,0.0,0.0,0
1h,1772416800.0,1.3678,1.3727,1.3539,1.3643,914282.84,0.0,0.0,0
1h,1772420400.0,1.3643,1.3776,1.3611,1.3739,986720.52,0.0,0.0,0
1h,1772424000.0,1.3739,1.3754,1.3648,1.3667,613236.41,0.0,0.0,0
1h,1772427600.0,1.3667,1.37,1.357,1.3623,629760.93,0.0,0.0,0
1h,1772431200.0,1.3623,1.3638,1.3477,1.35,1417241.58,0.0,0.0,0
1h,1772434800.0,1.35,1.351,1.338,1.347,1180293.35,0.0,0.0,0
1h,1772438400.0,1.347,1.3553,1.3385,1.3542,1427145.65,0.0,0.0,0
1h,1772442000.0,1.3542,1.3627,1.3527,1.3534,1209151.82,0.0,0.0,0
1h,1772445600.0,1.3534,1.3557,1.3483,1.3536,598945.73,0.0,0.0,0
1h,1772449200.0,1.3536,1.3574,1.3466,1.3517,753693.39,0.0,0.0,0
1h,1772452800.0,1.3517,1.354,1.3468,1.3478,662572.98,0.0,0.0,0
1h,1772456400.0,1.3478,1.3505,1.3386,1.3397,929241.32,0.0,0.0,0
1h,1772460000.0,1.3397,1.3786,1.334,1.3734,3482982.11,0.0,0.0,0
1h,1772463600.0,1.3734,1.4153,1.3694,1.4006,6809692.37,0.0,0.0,0
1h,1772467200.0,1.4006,1.4233,1.3976,1.4072,5959606.58,0.0,0.0,0
1h,1772470800.0,1.4072,1.4113,1.3835,1.3955,2324904.18,0.0,0.0,0
1h,1772474400.0,1.3955,1.4071,1.3859,1.4007,2653688.73,0.0,0.0,0
1h,1772478000.0,1.4007,1.4052,1.3896,1.4007,2358547.81,0.0,0.0,0
1h,1772481600.0,1.4007,1.4055,1.3881,1.3945,1916259.05,0.0,0.0,0
1h,1772485200.0,1.3945,1.3984,1.3862,1.398,730738.38,0.0,0.0,0
1h,1772488800.0,1.398,1.4066,1.3959,1.3998,1510783.43,0.0,0.0,0
1h,1772492400.0,1.3998,1.4014,1.3878,1.39,1282635.35,0.0,0.0,0
1h,1772496000.0,1.39,1.3949,1.382,1.3905,1512787.3,0.0,0.0,0
1h,1772499600.0,1.3905,1.3952,1.3819,1.3836,662147.29,0.0,0.0,0
1h,1772503200.0,1.3836,1.3841,1.3758,1.3786,1560955.38,0.0,0.0,0
1h,1772506800.0,1.3786,1.3793,1.3676,1.3734,903390.27,0.0,0.0,0
1h,1772510400.0,1.3734,1.3745,1.3647,1.3665,597966.94,0.0,0.0,0
1h,1772514000.0,1.3665,1.3776,1.3615,1.3654,978315.34,0.0,0.0,0
1h,1772517600.0,1.3654,1.367,1.3583,1.3614,571035.56,0.0,0.0,0
1h,1772521200.0,1.3614,1.3676,1.3576,1.3639,1374823.95,0.0,0.0,0
1h,1772524800.0,1.3639,1.3692,1.3475,1.3493,1515077.27,0.0,0.0,0
1h,1772528400.0,1.3493,1.3565,1.3422,1.3484,1269358.43,0.0,0.0,0
1h,1772532000.0,1.3484,1.3523,1.3426,1.3506,1521740.26,0.0,0.0,0
1h,1772535600.0,1.3506,1.354,1.3471,1.3529,810823.72,0.0,0.0,0
1h,1772539200.0,1.3529,1.3709,1.3517,1.3582,1352107.17,0.0,0.0,0
1h,1772542800.0,1.3582,1.3588,1.3437,1.3484,1180381.97,0.0,0.0,0
1h,1772546400.0,1.3484,1.3629,1.3366,1.3465,3313226.39,0.0,0.0,0
1h,1772550000.0,1.3465,1.3653,1.3391,1.3644,3110173.33,0.0,0.0,0
1h,1772553600.0,1.3644,1.3872,1.3547,1.3688,2823849.55,0.0,0.0,0
1h,1772557200.0,1.3688,1.3711,1.3532,1.3693,992314.27,0.0,0.0,0
1h,1772560800.0,1.3693,1.3758,1.3604,1.3671,907928.15,0.0,0.0,0
1h,1772564400.0,1.3671,1.3684,1.3564,1.3628,774323.41,0.0,0.0,0
1h,1772568000.0,1.3628,1.3638,1.3529,1.3539,703480.27,0.0,0.0,0
1h,1772571600.0,1.3539,1.3576,1.3484,1.3561,677794.54,0.0,0.0,0
1h,1772575200.0,1.3561,1.3652,1.3556,1.3628,551643.51,0.0,0.0,0
1h,1772578800.0,1.3628,1.3694,1.3598,1.3607,1473084.99,0.0,0.0,0
1h,1772582400.0,1.3607,1.3634,1.3532,1.3602,1080657.19,0.0,0.0,0
1h,1772586000.0,1.3602,1.3699,1.356,1.3641,1236893.67,0.0,0.0,0
1h,1772589600.0,1.3641,1.3676,1.3542,1.3606,2705976.51,0.0,0.0,0
1h,1772593200.0,1.3606,1.3622,1.3453,1.3529,1837123.69,0.0,0.0,0
1h,1772596800.0,1.3529,1.3559,1.3452,1.3514,748482.72,0.0,0.0,0
1h,1772600400.0,1.3514,1.3617,1.3495,1.3565,1066416.41,0.0,0.0,0
1h,1772604000.0,1.3565,1.3614,1.3502,1.3596,1432425.82,0.0,0.0,0
1h,1772607600.0,1.3596,1.3772,1.3582,1.3749,1375026.0,0.0,0.0,0
1h,1772611200.0,1.3749,1.4065,1.3694,1.4037,3603252.45,0.0,0.0,0
1h,1772614800.0,1.4037,1.4258,1.3977,1.4161,7835784.37,0.0,0.0,0
1h,1772618400.0,1.4161,1.4222,1.4021,1.4047,3167201.62,0.0,0.0,0
1h,1772622000.0,1.4047,1.4128,1.3945,1.3991,1899419.74,0.0,0.0,0
1h,1772625600.0,1.3991,1.4007,1.383,1.3939,1647139.96,0.0,0.0,0
1h,1772629200.0,1.3939,1.4063,1.3936,1.4058,1458814.71,0.0,0.0,0
1h,1772632800.0,1.4058,1.4254,1.4039,1.4132,4394329.68,0.0,0.0,0
1h,1772636400.0,1.4132,1.4641,1.413,1.4626,7615251.79,0.0,0.0,0
1h,1772640000.0,1.4626,1.4727,1.44,1.4501,4049413.55,0.0,0.0,0
1h,1772643600.0,1.4501,1.4553,1.4359,1.4426,1901370.5,0.0,0.0,0
1h,1772647200.0,1.4426,1.4566,1.4365,1.4542,1224014.36,0.0,0.0,0
1h,1772650800.0,1.4542,1.4701,1.4522,1.4564,2222716.49,0.0,0.0,0
1h,1772654400.0,1.4564,1.4653,1.4496,1.4595,2181879.62,0.0,0.0,0
1h,1772658000.0,1.4595,1.4601,1.4447,1.4474,2398811.2,0.0,0.0,0
1h,1772661600.0,1.4474,1.4535,1.4276,1.4304,1636338.1,0.0,0.0,0
1h,1772665200.0,1.4304,1.4343,1.4166,1.4311,1826204.35,0.0,0.0,0
1h,1772668800.0,1.4311,1.4341,1.4236,1.4269,1460372.73,0.0,0.0,0
1h,1772672400.0,1.4269,1.4361,1.4158,1.4191,1009605.31,0.0,0.0,0
1h,1772676000.0,1.4191,1.4287,1.4166,1.42,694264.6,0.0,0.0,0
1h,1772679600.0,1.42,1.4245,1.4165,1.4199,1015259.14,0.0,0.0,0
1h,1772683200.0,1.4199,1.4314,1.4187,1.4286,1053897.98,0.0,0.0,0
1h,1772686800.0,1.4286,1.4303,1.4131,1.4146,1052880.78,0.0,0.0,0
1h,1772690400.0,1.4146,1.425,1.4088,1.4243,1150376.14,0.0,0.0,0
1h,1772694000.0,1.4243,1.4296,1.4091,1.4131,1210088.59,0.0,0.0,0
1h,1772697600.0,1.4131,1.4191,1.4094,1.4185,1074296.65,0.0,0.0,0
1h,1772701200.0,1.4185,1.4316,1.4174,1.4286,1097731.17,0.0,0.0,0
1h,1772704800.0,1.4286,1.4525,1.4247,1.4478,1742227.73,0.0,0.0,0
1h,1772708400.0,1.4478,1.4499,1.4345,1.4363,1366064.36,0.0,0.0,0
1h,1772712000.0,1.4363,1.4428,1.4329,1.4409,882840.33,0.0,0.0,0
1h,1772715600.0,1.4409,1.4415,1.4203,1.4275,1715597.41,0.0,0.0,0
1h,1772719200.0,1.4275,1.4401,1.4197,1.437,2750035.94,0.0,0.0,0
1h,1772722800.0,1.437,1.4403,1.4098,1.4163,2594304.94,0.0,0.0,0
1h,1772726400.0,1.4163,1.4168,1.396,1.4113,2750206.12,0.0,0.0,0
1h,1772730000.0,1.4113,1.4187,1.3986,1.3999,1578222.68,0.0,0.0,0
1h,1772733600.0,1.3999,1.4115,1.3984,1.4101,760427.27,0.0,0.0,0
1h,1772737200.0,1.4101,1.4231,1.4101,1.4114,1537538.93,0.0,0.0,0
1h,1772740800.0,1.4114,1.4205,1.4096,1.4152,1078490.74,0.0,0.0,0
1h,1772744400.0,1.4152,1.4195,1.4035,1.4072,738913.51,0.0,0.0,0
1h,1772748000.0,1.4072,1.4094,1.4022,1.4063,829864.11,0.0,0.0,0
1h,1772751600.0,1.4063,1.4086,1.4021,1.4036,840774.07,0.0,0.0,0
1h,1772755200.0,1.4036,1.4084,1.4029,1.4046,389648.79,0.0,0.0,0
1h,1772758800.0,1.4046,1.4145,1.398,1.412,859889.73,0.0,0.0,0
1h,1772762400.0,1.412,1.4146,1.4088,1.4097,587664.8,0.0,0.0,0
1h,1772766000.0,1.4097,1.4115,1.4035,1.4055,605091.97,0.0,0.0,0
1h,1772769600.0,1.4055,1.4061,1.3914,1.3993,1003408.04,0.0,0.0,0
1h,1772773200.0,1.3993,1.403,1.3928,1.3986,657297.38,0.0,0.0,0
1h,1772776800.0,1.3986,1.4052,1.3968,1.4007,531172.13,0.0,0.0,0
1h,1772780400.0,1.4007,1.4087,1.3974,1.4079,738733.34,0.0,0.0,0
1h,1772784000.0,1.4079,1.4081,1.4015,1.4051,616149.89,0.0,0.0,0
1h,1772787600.0,1.4051,1.4066,1.3924,1.398,753355.12,0.0,0.0,0
1h,1772791200.0,1.398,1.4077,1.3973,1.4029,568402.8,0.0,0.0,0
1h,1772794800.0,1.4029,1.4045,1.3935,1.3947,920126.72,0.0,0.0,0
1h,1772798400.0,1.3947,1.3963,1.3845,1.3891,1484168.05,0.0,0.0,0
1h,1772802000.0,1.3891,1.3973,1.3719,1.3722,3704792.93,0.0,0.0,0
1h,1772805600.0,1.3722,1.3746,1.351,1.3555,3944447.65,0.0,0.0,0
1h,1772809200.0,1.3555,1.3664,1.353,1.3564,2472686.58,0.0,0.0,0
1h,1772812800.0,1.3564,1.3632,1.3539,1.3572,1726047.89,0.0,0.0,0
1h,1772816400.0,1.3572,1.3592,1.3457,1.3494,3022038.42,0.0,0.0,0
1h,1772820000.0,1.3494,1.3625,1.3492,1.3578,3485309.34,0.0,0.0,0
1h,1772823600.0,1.3578,1.3659,1.3578,1.3631,3759288.27,0.0,0.0,0
1h,1772827200.0,1.3631,1.3642,1.3542,1.3571,1563609.74,0.0,0.0,0
1h,1772830800.0,1.3571,1.365,1.356,1.3637,828125.26,0.0,0.0,0
1h,1772834400.0,1.3637,1.3718,1.363,1.3692,521238.57,0.0,0.0,0
1h,1772838000.0,1.3692,1.3692,1.363,1.3634,266323.66,0.0,0.0,0
1h,1772841600.0,1.3634,1.3706,1.363,1.3682,433683.44,0.0,0.0,0
1h,1772845200.0,1.3682,1.3696,1.3647,1.3677,311130.54,0.0,0.0,0
1h,1772848800.0,1.3677,1.3687,1.3625,1.3676,272395.53,0.0,0.0,0
1h,1772852400.0,1.3676,1.3749,1.3654,1.3662,386738.51,0.0,0.0,0
1h,1772856000.0,1.3662,1.3662,1.3608,1.3631,509375.58,0.0,0.0,0
1h,1772859600.0,1.3631,1.3679,1.3622,1.3671,501951.19,0.0,0.0,0
1h,1772863200.0,1.3671,1.3685,1.3608,1.3634,378332.56,0.0,0.0,0
1h,1772866800.0,1.3634,1.3679,1.3612,1.3671,685557.9,0.0,0.0,0
1h,1772870400.0,1.3671,1.3692,1.3646,1.3652,431396.58,0.0,0.0,0
1h,1772874000.0,1.3652,1.3681,1.363,1.3653,388862.68,0.0,0.0,0
1h,1772877600.0,1.3653,1.3684,1.365,1.3659,289212.7,0.0,0.0,0
1h,1772881200.0,1.3659,1.3736,1.3653,1.3698,859305.37,0.0,0.0,0
1h,1772884800.0,1.3698,1.3699,1.3622,1.364,467457.79,0.0,0.0,0
1h,1772888400.0,1.364,1.3676,1.3617,1.3628,597058.43,0.0,0.0,0
1h,1772892000.0,1.3628,1.367,1.3564,1.3637,1178703.81,0.0,0.0,0
1h,1772895600.0,1.3637,1.3637,1.3541,1.3572,908439.48,0.0,0.0,0
1h,1772899200.0,1.3572,1.3611,1.3558,1.361,584739.24,0.0,0.0,0
1h,1772902800.0,1.361,1.3649,1.3604,1.3605,377958.04,0.0,0.0,0
1h,1772906400.0,1.3605,1.3607,1.3515,1.3569,1002479.15,0.0,0.0,0
1h,1772910000.0,1.3569,1.3569,1.3468,1.3502,1608871.44,0.0,0.0,0
1h,1772913600.0,1.3502,1.3563,1.3502,1.3553,370575.28,0.0,0.0,0
1h,1772917200.0,1.3553,1.3592,1.3546,1.3566,562243.5,0.0,0.0,0
1h,1772920800.0,1.3566,1.3569,1.3504,1.3536,579425.13,0.0,0.0,0
1h,1772924400.0,1.3536,1.3574,1.3528,1.3567,247010.36,0.0,0.0,0
1h,1772928000.0,1.3567,1.3607,1.3541,1.355,498312.7,0.0,0.0,0
1h,1772931600.0,1.355,1.3579,1.351,1.3571,660533.12,0.0,0.0,0
1h,1772935200.0,1.3571,1.3574,1.3448,1.3475,978544.58,0.0,0.0,0
1h,1772938800.0,1.3475,1.3514,1.3445,1.3485,1025357.58,0.0,0.0,0
1h,1772942400.0,1.3485,1.3498,1.3414,1.3438,626442.89,0.0,0.0,0
1h,1772946000.0,1.3438,1.3569,1.3438,1.3537,655975.07,0.0,0.0,0
1h,1772949600.0,1.3537,1.3561,1.3498,1.3522,355282.83,0.0,0.0,0
1h,1772953200.0,1.3522,1.3628,1.3517,1.3602,664275.73,0.0,0.0,0
1h,1772956800.0,1.3602,1.362,1.3546,1.3591,517374.75,0.0,0.0,0
1h,1772960400.0,1.3591,1.3665,1.356,1.3614,573079.17,0.0,0.0,0
1h,1772964000.0,1.3614,1.3713,1.3612,1.368,637080.91,0.0,0.0,0
1h,1772967600.0,1.368,1.368,1.3562,1.3576,444357.5,0.0,0.0,0
1h,1772971200.0,1.3576,1.3592,1.3448,1.3517,1018657.36,0.0,0.0,0
1h,1772974800.0,1.3517,1.3536,1.3411,1.3501,1838008.46,0.0,0.0,0
1h,1772978400.0,1.3501,1.3531,1.3455,1.3497,801695.44,0.0,0.0,0
1h,1772982000.0,1.3497,1.3498,1.3429,1.3457,1201975.28,0.0,0.0,0
1h,1772985600.0,1.3457,1.3457,1.3378,1.3395,1228051.56,0.0,0.0,0
1h,1772989200.0,1.3395,1.3461,1.3391,1.3439,454976.99,0.0,0.0,0
1h,1772992800.0,1.3439,1.3483,1.3399,1.3454,1124199.86,0.0,0.0,0
1h,1772996400.0,1.3454,1.3597,1.3431,1.3561,908848.27,0.0,0.0,0
1h,1773000000.0,1.3561,1.3626,1.3521,1.3534,428204.95,0.0,0.0,0
1h,1773003600.0,1.3534,1.3544,1.3442,1.3478,584646.65,0.0,0.0,0
1h,1773007200.0,1.3478,1.3492,1.3218,1.3455,3611067.23,0.0,0.0,0
1h,1773010800.0,1.3455,1.3501,1.3389,1.3403,997928.96,0.0,0.0,0
1h,1773014400.0,1.3403,1.3604,1.3389,1.3493,1833107.61,0.0,0.0,0
1h,1773018000.0,1.3493,1.3537,1.3414,1.3422,1003090.66,0.0,0.0,0
1h,1773021600.0,1.3422,1.35,1.3377,1.346,850006.13,0.0,0.0,0
1h,1773025200.0,1.346,1.3653,1.3452,1.3507,1935390.28,0.0,0.0,0
1h,1773028800.0,1.3507,1.3558,1.344,1.344,268454.43,0.0,0.0,0
1h,1773032400.0,1.344,1.3587,1.3422,1.3549,1216126.22,0.0,0.0,0
1h,1773036000.0,1.3549,1.3587,1.3446,1.345,741914.47,0.0,0.0,0
1h,1773039600.0,1.345,1.3454,1.333,1.3408,2523705.7,0.0,0.0,0
1h,1773043200.0,1.3408,1.3484,1.3396,1.3463,997055.86,0.0,0.0,0
1h,1773046800.0,1.3463,1.3633,1.3415,1.3551,1345623.55,0.0,0.0,0
1h,1773050400.0,1.3551,1.3565,1.3457,1.3475,450667.52,0.0,0.0,0
1h,1773054000.0,1.3475,1.3515,1.3417,1.3502,514655.11,0.0,0.0,0
1h,1773057600.0,1.3502,1.358,1.3498,1.3548,760304.09,0.0,0.0,0
1h,1773061200.0,1.3548,1.3728,1.3542,1.3681,2202062.11,0.0,0.0,0
1h,1773064800.0,1.3681,1.3731,1.3591,1.3649,2649400.97,0.0,0.0,0
1h,1773068400.0,1.3649,1.3676,1.3562,1.3604,1017576.57,0.0,0.0,0
1h,1773072000.0,1.3604,1.3704,1.3587,1.3647,492823.82,0.0,0.0,0
1h,1773075600.0,1.3647,1.3704,1.3595,1.3625,1226455.17,0.0,0.0,0
1h,1773079200.0,1.3625,1.3685,1.3561,1.3616,716454.69,0.0,0.0,0
1h,1773082800.0,1.3616,1.3839,1.3564,1.3733,4183992.33,0.0,0.0,0
1h,1773086400.0,1.3733,1.38,1.3673,1.3733,1015679.51,0.0,0.0,0
1h,1773090000.0,1.3733,1.3772,1.3699,1.3739,860281.13,0.0,0.0,0
1h,1773093600.0,1.3739,1.3757,1.3627,1.3645,990844.59,0.0,0.0,0
1h,1773097200.0,1.3645,1.3677,1.3606,1.3632,461521.74,0.0,0.0,0
1h,1773100800.0,1.3632,1.3739,1.3609,1.37,893909.57,0.0,0.0,0
1h,1773104400.0,1.37,1.3752,1.3663,1.3722,895849.85,0.0,0.0,0
1h,1773108000.0,1.3722,1.3926,1.3701,1.3876,3109203.73,0.0,0.0,0
1h,1773111600.0,1.3876,1.391,1.375,1.3752,2032871.34,0.0,0.0,0
1h,1773115200.0,1.3752,1.3835,1.3732,1.3821,813318.42,0.0,0.0,0
1h,1773118800.0,1.3821,1.3898,1.3811,1.3843,1249469.97,0.0,0.0,0
1h,1773122400.0,1.3843,1.3844,1.378,1.3804,906873.44,0.0,0.0,0
1h,1773126000.0,1.3804,1.3886,1.3764,1.3874,988777.21,0.0,0.0,0
1h,1773129600.0,1.3874,1.4116,1.3874,1.4017,3745104.32,0.0,0.0,0
1h,1773133200.0,1.4017,1.4193,1.4016,1.4165,2995523.92,0.0,0.0,0
1h,1773136800.0,1.4165,1.4176,1.4044,1.4058,3058733.19,0.0,0.0,0
1h,1773140400.0,1.4058,1.4058,1.389,1.391,2069763.99,0.0,0.0,0
1h,1773144000.0,1.391,1.3919,1.3827,1.389,1519671.6,0.0,0.0,0
1h,1773147600.0,1.389,1.4016,1.3814,1.3933,2294410.28,0.0,0.0,0
1h,1773151200.0,1.3933,1.438,1.3817,1.4343,5362081.87,0.0,0.0,0
1h,1773154800.0,1.4343,1.4427,1.4196,1.431,5179468.2,0.0,0.0,0
1h,1773158400.0,1.431,1.4375,1.4233,1.4273,3219904.98,0.0,0.0,0
1h,1773162000.0,1.4273,1.4305,1.409,1.4127,2207413.04,0.0,0.0,0
1h,1773165600.0,1.4127,1.4133,1.3907,1.3936,3290470.4,0.0,0.0,0
1h,1773169200.0,1.3936,1.3952,1.3798,1.3848,1870060.82,0.0,0.0,0
1h,1773172800.0,1.3848,1.3948,1.3846,1.3898,993155.53,0.0,0.0,0
1h,1773176400.0,1.3898,1.3948,1.3786,1.3837,857441.79,0.0,0.0,0
1h,1773180000.0,1.3837,1.3889,1.3796,1.3841,591661.23,0.0,0.0,0
1h,1773183600.0,1.3841,1.3881,1.3841,1.3866,432941.78,0.0,0.0,0
1h,1773187200.0,1.3866,1.3923,1.3824,1.3883,1279947.33,0.0,0.0,0
1h,1773190800.0,1.3883,1.3906,1.3843,1.3902,550421.39,0.0,0.0,0
1h,1773194400.0,1.3902,1.3905,1.3784,1.3823,2333414.47,0.0,0.0,0
1h,1773198000.0,1.3823,1.3852,1.3778,1.3789,767295.87,0.0,0.0,0
1h,1773201600.0,1.3789,1.3895,1.3766,1.3876,789355.6,0.0,0.0,0
1h,1773205200.0,1.3876,1.3909,1.3748,1.3765,1122420.27,0.0,0.0,0
1h,1773208800.0,1.3765,1.3844,1.3761,1.3825,546240.61,0.0,0.0,0
1h,1773212400.0,1.3825,1.3833,1.3738,1.3784,532681.72,0.0,0.0,0
1h,1773216000.0,1.3784,1.3794,1.3725,1.376,683454.44,0.0,0.0,0
1h,1773219600.0,1.376,1.381,1.373,1.3741,471360.14,0.0,0.0,0
1h,1773223200.0,1.3741,1.3813,1.3727,1.3784,882087.91,0.0,0.0,0
1h,1773226800.0,1.3784,1.3806,1.3721,1.3733,1332248.89,0.0,0.0,0
1h,1773230400.0,1.3733,1.3873,1.3704,1.385,2001365.51,0.0,0.0,0
1h,1773234000.0,1.385,1.411,1.383,1.3923,2635101.47,0.0,0.0,0
1h,1773237600.0,1.3923,1.4035,1.3852,1.3918,2229889.92,0.0,0.0,0
1h,1773241200.0,1.3918,1.3938,1.3729,1.3823,1866402.52,0.0,0.0,0
1h,1773244800.0,1.3823,1.3903,1.3802,1.3871,1317673.12,0.0,0.0,0
1h,1773248400.0,1.3871,1.4015,1.387,1.3975,1483895.91,0.0,0.0,0
1h,1773252000.0,1.3975,1.4071,1.3959,1.4042,1367606.88,0.0,0.0,0
1h,1773255600.0,1.4042,1.4046,1.3881,1.3898,1147275.72,0.0,0.0,0
1h,1773259200.0,1.3898,1.3939,1.3869,1.3916,851222.0,0.0,0.0,0
1h,1773262800.0,1.3916,1.3937,1.3887,1.3924,540764.5,0.0,0.0,0
1h,1773266400.0,1.3924,1.3985,1.387,1.3905,846303.69,0.0,0.0,0
1h,1773270000.0,1.3905,1.3923,1.3822,1.3846,441119.71,0.0,0.0,0
1h,1773273600.0,1.3846,1.386,1.381,1.384,1182351.18,0.0,0.0,0
1h,1773277200.0,1.384,1.384,1.3769,1.3787,831000.91,0.0,0.0,0
1h,1773280800.0,1.3787,1.3811,1.3707,1.3723,1056228.36,0.0,0.0,0
1h,1773284400.0,1.3723,1.3762,1.3697,1.3736,616301.97,0.0,0.0,0
1h,1773288000.0,1.3736,1.3781,1.3694,1.3704,1142502.19,0.0,0.0,0
1h,1773291600.0,1.3704,1.3727,1.3662,1.371,1311501.61,0.0,0.0,0
1h,1773295200.0,1.371,1.3735,1.3673,1.3726,1044093.65,0.0,0.0,0
1h,1773298800.0,1.3726,1.3782,1.3699,1.3767,1082167.5,0.0,0.0,0
1h,1773302400.0,1.3767,1.3825,1.3741,1.3802,629525.06,0.0,0.0,0
1h,1773306000.0,1.3802,1.3886,1.3756,1.3821,680123.82,0.0,0.0,0
1h,1773309600.0,1.3821,1.3911,1.3784,1.39,1138886.19,0.0,0.0,0
1h,1773313200.0,1.39,1.3933,1.3869,1.3878,1390172.98,0.0,0.0,0
1h,1773316800.0,1.3878,1.3924,1.3856,1.3879,1320908.46,0.0,0.0,0
1h,1773320400.0,1.3879,1.3922,1.3772,1.3822,1681404.65,0.0,0.0,0
1h,1773324000.0,1.3822,1.3918,1.365,1.3692,3048978.98,0.0,0.0,0
1h,1773327600.0,1.3692,1.3841,1.366,1.3793,1787598.92,0.0,0.0,0
1h,1773331200.0,1.3793,1.3858,1.371,1.3819,1207277.27,0.0,0.0,0
1h,1773334800.0,1.3819,1.3847,1.3773,1.38,512679.64,0.0,0.0,0
1h,1773338400.0,1.38,1.381,1.3716,1.3719,537652.95,0.0,0.0,0
1h,1773342000.0,1.3719,1.3823,1.3698,1.3788,1071185.28,0.0,0.0,0
1h,1773345600.0,1.3788,1.3803,1.3714,1.3719,1081728.61,0.0,0.0,0
1h,1773349200.0,1.3719,1.3758,1.3716,1.3742,1510018.4,0.0,0.0,0
1h,1773352800.0,1.3742,1.3795,1.3723,1.3791,775641.75,0.0,0.0,0
1h,1773356400.0,1.3791,1.3896,1.379,1.385,1552045.14,0.0,0.0,0
1h,1773360000.0,1.385,1.4242,1.3833,1.4065,6920544.33,0.0,0.0,0
1h,1773363600.0,1.4065,1.4165,1.4043,1.4136,3112910.61,0.0,0.0,0
1h,1773367200.0,1.4136,1.4146,1.4001,1.4015,1711176.98,0.0,0.0,0
1h,1773370800.0,1.4015,1.4146,1.4002,1.4122,1247456.99,0.0,0.0,0
1h,1773374400.0,1.4122,1.414,1.4074,1.4114,1140282.37,0.0,0.0,0
1h,1773378000.0,1.4114,1.427,1.4075,1.4234,2928165.96,0.0,0.0,0
1h,1773381600.0,1.4234,1.4263,1.4122,1.4134,3155857.87,0.0,0.0,0
1h,1773385200.0,1.4134,1.4206,1.4116,1.4153,1798557.8,0.0,0.0,0
1h,1773388800.0,1.4153,1.4339,1.4128,1.4264,2992847.92,0.0,0.0,0
1h,1773392400.0,1.4264,1.437,1.4262,1.4285,2414952.08,0.0,0.0,0
1h,1773396000.0,1.4285,1.4387,1.4285,1.4338,1913134.79,0.0,0.0,0
1h,1773399600.0,1.4338,1.4344,1.4194,1.4203,3073640.19,0.0,0.0,0
1h,1773403200.0,1.4203,1.44,1.4199,1.4336,2500898.7,0.0,0.0,0
1h,1773406800.0,1.4336,1.4491,1.4307,1.4437,4809716.0,0.0,0.0,0
1h,1773410400.0,1.4437,1.4529,1.4213,1.4225,5707042.22,0.0,0.0,0
1h,1773414000.0,1.4225,1.4289,1.4069,1.4089,3666942.18,0.0,0.0,0
1h,1773417600.0,1.4089,1.4149,1.4003,1.4098,2482764.83,0.0,0.0,0
1h,1773421200.0,1.4098,1.4126,1.392,1.3942,2156932.66,0.0,0.0,0
1h,1773424800.0,1.3942,1.4014,1.39,1.3973,1055161.58,0.0,0.0,0
1h,1773428400.0,1.3973,1.4025,1.3961,1.4013,1044711.08,0.0,0.0,0
1h,1773432000.0,1.4013,1.4047,1.3981,1.4024,672099.32,0.0,0.0,0
1h,1773435600.0,1.4024,1.406,1.3971,1.4006,1114312.22,0.0,0.0,0
1h,1773439200.0,1.4006,1.4015,1.3903,1.3948,1274591.49,0.0,0.0,0
1h,1773442800.0,1.3948,1.4002,1.3934,1.3989,964083.14,0.0,0.0,0
1h,1773446400.0,1.3989,1.3997,1.3923,1.3943,572519.26,0.0,0.0,0
1h,1773450000.0,1.3943,1.4012,1.3925,1.4001,751375.92,0.0,0.0,0
1h,1773453600.0,1.4001,1.4024,1.3975,1.3983,721001.03,0.0,0.0,0
1h,1773457200.0,1.3983,1.4034,1.397,1.4008,597850.93,0.0,0.0,0
1h,1773460800.0,1.4008,1.4042,1.3962,1.3979,872687.07,0.0,0.0,0
1h,1773464400.0,1.3979,1.3992,1.3939,1.3952,536826.64,0.0,0.0,0
1h,1773468000.0,1.3952,1.3952,1.3844,1.3925,1479294.53,0.0,0.0,0
1h,1773471600.0,1.3925,1.3977,1.3919,1.394,540760.61,0.0,0.0,0
1h,1773475200.0,1.394,1.3969,1.3914,1.3934,833879.16,0.0,0.0,0
1h,1773478800.0,1.3934,1.3971,1.3889,1.3899,618012.74,0.0,0.0,0
1h,1773482400.0,1.3899,1.3907,1.3875,1.3894,650950.7,0.0,0.0,0
1h,1773486000.0,1.3894,1.3929,1.389,1.3924,525948.59,0.0,0.0,0
1h,1773489600.0,1.3924,1.3939,1.388,1.3895,1341820.4,0.0,0.0,0
1h,1773493200.0,1.3895,1.3944,1.3882,1.3918,370457.37,0.0,0.0,0
1h,1773496800.0,1.3918,1.3932,1.3875,1.389,546652.51,0.0,0.0,0
1h,1773500400.0,1.389,1.3916,1.3882,1.3903,378245.79,0.0,0.0,0
1h,1773504000.0,1.3903,1.393,1.3872,1.393,244651.79,0.0,0.0,0
1h,1773507600.0,1.393,1.3935,1.3886,1.3897,518515.34,0.0,0.0,0
1h,1773511200.0,1.3897,1.3928,1.3883,1.3913,287842.94,0.0,0.0,0
1h,1773514800.0,1.3913,1.3914,1.3896,1.3902,134089.52,0.0,0.0,0
1h,1773518400.0,1.3902,1.3939,1.3888,1.3934,362530.85,0.0,0.0,0
1h,1773522000.0,1.3934,1.3968,1.3911,1.3954,556714.67,0.0,0.0,0
1h,1773525600.0,1.3954,1.3979,1.3942,1.3967,432634.11,0.0,0.0,0
1h,1773529200.0,1.3967,1.4085,1.3967,1.4062,850181.34,0.0,0.0,0
1h,1773532800.0,1.4062,1.4093,1.4023,1.4053,588912.41,0.0,0.0,0
1h,1773536400.0,1.4053,1.4079,1.4023,1.4051,276163.09,0.0,0.0,0
1h,1773540000.0,1.4051,1.4196,1.405,1.4159,1642834.6,0.0,0.0,0
1h,1773543600.0,1.4159,1.4202,1.4117,1.412,723207.54,0.0,0.0,0
1h,1773547200.0,1.412,1.4183,1.412,1.417,698353.19,0.0,0.0,0
1h,1773550800.0,1.417,1.4212,1.4141,1.4141,602164.05,0.0,0.0,0
1h,1773554400.0,1.4141,1.4159,1.4056,1.4103,544620.84,0.0,0.0,0
1h,1773558000.0,1.4103,1.412,1.4064,1.4077,281685.84,0.0,0.0,0
1h,1773561600.0,1.4077,1.4134,1.4077,1.4131,305983.92,0.0,0.0,0
1h,1773565200.0,1.4131,1.4186,1.4131,1.4148,425660.65,0.0,0.0,0
1h,1773568800.0,1.4148,1.4178,1.4142,1.4163,206214.94,0.0,0.0,0
1h,1773572400.0,1.4163,1.4206,1.4139,1.4197,750336.32,0.0,0.0,0
1h,1773576000.0,1.4197,1.425,1.415,1.4237,1331795.49,0.0,0.0,0
1h,1773579600.0,1.4237,1.43,1.4159,1.423,2628231.97,0.0,0.0,0
1h,1773583200.0,1.423,1.4248,1.4129,1.4177,841513.45,0.0,0.0,0
1h,1773586800.0,1.4177,1.4225,1.415,1.4157,388593.04,0.0,0.0,0
1h,1773590400.0,1.4157,1.4182,1.4092,1.4127,519614.76,0.0,0.0,0
1h,1773594000.0,1.4127,1.4239,1.412,1.4191,609398.95,0.0,0.0,0
1h,1773597600.0,1.4191,1.4208,1.4091,1.4107,492012.42,0.0,0.0,0
1h,1773601200.0,1.4107,1.4152,1.4098,1.4127,315453.51,0.0,0.0,0
1h,1773604800.0,1.4127,1.4231,1.4106,1.4176,541702.08,0.0,0.0,0
1h,1773608400.0,1.4176,1.4314,1.4149,1.4273,1192995.56,0.0,0.0,0
1h,1773612000.0,1.4273,1.4645,1.4228,1.4542,6447999.61,0.0,0.0,0
1h,1773615600.0,1.4542,1.4577,1.4393,1.4488,3122947.08,0.0,0.0,0
1h,1773619200.0,1.4488,1.4579,1.4441,1.4467,2363269.24,0.0,0.0,0
1h,1773622800.0,1.4467,1.4501,1.4381,1.447,1103317.04,0.0,0.0,0
1h,1773626400.0,1.447,1.4492,1.436,1.4431,880712.86,0.0,0.0,0
1h,1773630000.0,1.4431,1.4801,1.4402,1.4677,5878814.47,0.0,0.0,0
1h,1773633600.0,1.4677,1.4864,1.4676,1.4801,3623771.93,0.0,0.0,0
1h,1773637200.0,1.4801,1.4848,1.4743,1.4815,2190737.44,0.0,0.0,0
1h,1773640800.0,1.4815,1.4816,1.4735,1.4768,1705901.94,0.0,0.0,0
1h,1773644400.0,1.4768,1.4885,1.476,1.483,3552974.74,0.0,0.0,0
1h,1773648000.0,1.483,1.4899,1.4646,1.4684,3081057.11,0.0,0.0,0
1h,1773651600.0,1.4684,1.476,1.4664,1.4741,1676262.01,0.0,0.0,0
1h,1773655200.0,1.4741,1.4763,1.4669,1.475,1146355.85,0.0,0.0,0
1h,1773658800.0,1.475,1.4756,1.4668,1.4698,818843.37,0.0,0.0,0
1h,1773662400.0,1.4698,1.4807,1.4696,1.4762,2197221.74,0.0,0.0,0
1h,1773666000.0,1.4762,1.4925,1.4747,1.4824,2298876.25,0.0,0.0,0
1h,1773669600.0,1.4824,1.5094,1.4716,1.5093,4333781.42,0.0,0.0,0
1h,1773673200.0,1.5093,1.5169,1.4924,1.493,5029483.6,0.0,0.0,0
1h,1773676800.0,1.493,1.5113,1.4918,1.5086,1890970.34,0.0,0.0,0
1h,1773680400.0,1.5086,1.5194,1.5054,1.5185,2359398.16,0.0,0.0,0
1h,1773684000.0,1.5185,1.5443,1.5164,1.5354,4436962.68,0.0,0.0,0
1h,1773687600.0,1.5354,1.5426,1.521,1.53,2057129.69,0.0,0.0,0
1h,1773691200.0,1.53,1.531,1.5236,1.5281,1011496.97,0.0,0.0,0
1h,1773694800.0,1.5281,1.5406,1.5263,1.5281,1908422.23,0.0,0.0,0
1h,1773698400.0,1.5281,1.5522,1.5281,1.5515,1716995.62,0.0,0.0,0
1h,1773702000.0,1.5515,1.5518,1.5373,1.5428,1601118.87,0.0,0.0,0
1h,1773705600.0,1.5428,1.5545,1.5344,1.5453,4113283.48,0.0,0.0,0
1h,1773709200.0,1.5453,1.5779,1.5442,1.5707,7188431.88,0.0,0.0,0
1h,1773712800.0,1.5707,1.6069,1.5606,1.5939,7087322.35,0.0,0.0,0
1h,1773716400.0,1.5939,1.5953,1.5343,1.5443,5721062.95,0.0,0.0,0
1h,1773720000.0,1.5443,1.5526,1.5237,1.5301,5285740.78,0.0,0.0,0
1h,1773723600.0,1.5301,1.532,1.5106,1.5154,2155567.25,0.0,0.0,0
1h,1773727200.0,1.5154,1.5231,1.5049,1.517,2261083.72,0.0,0.0,0
1h,1773730800.0,1.517,1.5432,1.5166,1.5301,2680294.46,0.0,0.0,0
1h,1773734400.0,1.5301,1.5331,1.5196,1.5209,1554618.84,0.0,0.0,0
1h,1773738000.0,1.5209,1.5246,1.5088,1.5125,2546615.51,0.0,0.0,0
1h,1773741600.0,1.5125,1.5126,1.5022,1.509,1662753.02,0.0,0.0,0
1h,1773745200.0,1.509,1.5185,1.5074,1.5096,2484265.61,0.0,0.0,0
1h,1773748800.0,1.5096,1.5148,1.5016,1.5049,2496385.35,0.0,0.0,0
1h,1773752400.0,1.5049,1.5177,1.4954,1.5035,6766352.04,0.0,0.0,0
1h,1773756000.0,1.5035,1.5135,1.4939,1.5124,2624947.94,0.0,0.0,0
1h,1773759600.0,1.5124,1.5219,1.5029,1.5136,1970948.22,0.0,0.0,0
1h,1773763200.0,1.5136,1.5422,1.5001,1.5186,8852176.94,0.0,0.0,0
1h,1773766800.0,1.5186,1.5316,1.5172,1.5308,1695162.42,0.0,0.0,0
1h,1773770400.0,1.5308,1.5382,1.5253,1.5363,1171636.24,0.0,0.0,0
1h,1773774000.0,1.5363,1.5408,1.5301,1.5333,1098137.6,0.0,0.0,0
1h,1773777600.0,1.5333,1.5357,1.5283,1.5329,518887.53,0.0,0.0,0
1h,1773781200.0,1.5329,1.5358,1.527,1.5298,781419.58,0.0,0.0,0
1h,1773784800.0,1.5298,1.5365,1.5205,1.5277,850988.13,0.0,0.0,0
1h,1773788400.0,1.5277,1.5307,1.5175,1.5181,1025639.66,0.0,0.0,0
1h,1773792000.0,1.5181,1.5213,1.509,1.5154,1647906.94,0.0,0.0,0
1h,1773795600.0,1.5154,1.5232,1.514,1.5154,1632005.36,0.0,0.0,0
1h,1773799200.0,1.5154,1.5311,1.5148,1.5264,1082870.18,0.0,0.0,0
1h,1773802800.0,1.5264,1.5397,1.5257,1.5389,1137785.06,0.0,0.0,0
1h,1773806400.0,1.5389,1.5412,1.5237,1.5267,1670335.27,0.0,0.0,0
1h,1773810000.0,1.5267,1.5373,1.5217,1.5234,1071691.22,0.0,0.0,0
1h,1773813600.0,1.5234,1.5307,1.5234,1.5247,488802.61,0.0,0.0,0
1h,1773817200.0,1.5247,1.5247,1.5149,1.5199,783324.86,0.0,0.0,0
1h,1773820800.0,1.5199,1.5253,1.5193,1.5224,611016.07,0.0,0.0,0
1h,1773824400.0,1.5224,1.5275,1.5211,1.5237,435147.96,0.0,0.0,0
1h,1773828000.0,1.5237,1.5247,1.5093,1.5112,1508802.18,0.0,0.0,0
1h,1773831600.0,1.5112,1.5121,1.4839,1.4898,4203336.0,0.0,0.0,0
1h,1773835200.0,1.4898,1.4908,1.4575,1.4641,3947824.54,0.0,0.0,0
1h,1773838800.0,1.4641,1.474,1.455,1.4664,2511005.52,0.0,0.0,0
1h,1773842400.0,1.4664,1.4683,1.4442,1.4458,2502049.11,0.0,0.0,0
1h,1773846000.0,1.4458,1.4525,1.4385,1.4407,3229191.79,0.0,0.0,0
1h,1773849600.0,1.4407,1.4473,1.436,1.4424,2197001.41,0.0,0.0,0
1h,1773853200.0,1.4424,1.4591,1.44,1.4563,2393644.4,0.0,0.0,0
1h,1773856800.0,1.4563,1.4668,1.4481,1.4525,3059438.51,0.0,0.0,0
1h,1773860400.0,1.4525,1.4606,1.4485,1.4493,1317508.24,0.0,0.0,0
1h,1773864000.0,1.4493,1.4621,1.4423,1.459,1209396.86,0.0,0.0,0
1h,1773867600.0,1.459,1.4719,1.4584,1.4681,1242011.84,0.0,0.0,0
1h,1773871200.0,1.4681,1.4681,1.4594,1.4627,976726.86,0.0,0.0,0
1h,1773874800.0,1.4627,1.4661,1.458,1.4647,360830.24,0.0,0.0,0
1h,1773878400.0,1.4647,1.465,1.4593,1.4609,526280.1,0.0,0.0,0
1h,1773882000.0,1.4609,1.4672,1.4567,1.4617,538263.39,0.0,0.0,0
1h,1773885600.0,1.4617,1.4642,1.4555,1.4575,346364.29,0.0,0.0,0
1h,1773889200.0,1.4575,1.4785,1.4575,1.4743,1092727.25,0.0,0.0,0
1h,1773892800.0,1.4743,1.4743,1.4637,1.4664,1196445.56,0.0,0.0,0
1h,1773896400.0,1.4664,1.4676,1.4594,1.4671,665876.67,0.0,0.0,0
1h,1773900000.0,1.4671,1.4825,1.4638,1.4688,2623578.1,0.0,0.0,0
1h,1773903600.0,1.4688,1.4702,1.4505,1.4611,4202102.06,0.0,0.0,0
1h,1773907200.0,1.4611,1.464,1.4519,1.4554,937935.19,0.0,0.0,0
1h,1773910800.0,1.4554,1.4708,1.4554,1.4691,808973.1,0.0,0.0,0
1h,1773914400.0,1.4691,1.4702,1.4622,1.4628,652040.96,0.0,0.0,0
1h,1773918000.0,1.4628,1.4654,1.4562,1.4583,1416443.63,0.0,0.0,0
1h,1773921600.0,1.4583,1.4583,1.4355,1.4371,2285739.7,0.0,0.0,0
1h,1773925200.0,1.4371,1.454,1.4325,1.4519,2714316.21,0.0,0.0,0
1h,1773928800.0,1.4519,1.4568,1.4389,1.4443,1120316.57,0.0,0.0,0
1h,1773932400.0,1.4443,1.4499,1.4246,1.4317,2742013.45,0.0,0.0,0
1h,1773936000.0,1.4317,1.4374,1.4242,1.4273,1515081.63,0.0,0.0,0
1h,1773939600.0,1.4273,1.4394,1.4221,1.4388,787129.14,0.0,0.0,0
1h,1773943200.0,1.4388,1.439,1.4308,1.4371,521966.38,0.0,0.0,0
1h,1773946800.0,1.4371,1.4531,1.4363,1.4449,1878314.65,0.0,0.0,0
1h,1773950400.0,1.4449,1.4542,1.4431,1.4499,530508.16,0.0,0.0,0
1h,1773954000.0,1.4499,1.4561,1.4495,1.4548,685656.67,0.0,0.0,0
1h,1773957600.0,1.4548,1.4557,1.4443,1.4494,586007.31,0.0,0.0,0
1h,1773961200.0,1.4494,1.4538,1.4429,1.4476,493625.95,0.0,0.0,0
1h,1773964800.0,1.4476,1.4533,1.4454,1.4501,414623.56,0.0,0.0,0
1h,1773968400.0,1.4501,1.4607,1.4501,1.4566,820639.48,0.0,0.0,0
1h,1773972000.0,1.4566,1.4573,1.4466,1.4524,492170.97,0.0,0.0,0
1h,1773975600.0,1.4524,1.457,1.4502,1.4531,489668.83,0.0,0.0,0
1h,1773979200.0,1.4531,1.4571,1.4475,1.4539,508613.01,0.0,0.0,0
1h,1773982800.0,1.4539,1.4584,1.4501,1.4551,458470.19,0.0,0.0,0
1h,1773986400.0,1.4551,1.4628,1.45,1.4501,1568929.27,0.0,0.0,0
1h,1773990000.0,1.4501,1.4566,1.4434,1.4545,853168.05,0.0,0.0,0
1h,1773993600.0,1.4545,1.4664,1.4538,1.4599,1112810.58,0.0,0.0,0
1h,1773997200.0,1.4599,1.4599,1.4452,1.4481,1214585.16,0.0,0.0,0
1h,1774000800.0,1.4481,1.4537,1.4441,1.4506,1328513.15,0.0,0.0,0
1h,1774004400.0,1.4506,1.4548,1.4433,1.4491,1212294.73,0.0,0.0,0
1h,1774008000.0,1.4491,1.4524,1.4417,1.4422,1577329.1,0.0,0.0,0
1h,1774011600.0,1.4422,1.4489,1.4366,1.438,2071504.46,0.0,0.0,0
1h,1774015200.0,1.438,1.4447,1.4335,1.4364,1723082.03,0.0,0.0,0
1h,1774018800.0,1.4364,1.4419,1.4286,1.4376,1556538.79,0.0,0.0,0
1h,1774022400.0,1.4376,1.443,1.4328,1.4375,1328439.16,0.0,0.0,0
1h,1774026000.0,1.4375,1.4407,1.429,1.4392,760849.4,0.0,0.0,0
1h,1774029600.0,1.4392,1.4397,1.4288,1.4311,460891.21,0.0,0.0,0
1h,1774033200.0,1.4311,1.4374,1.425,1.4358,613945.91,0.0,0.0,0
1h,1774036800.0,1.4358,1.4375,1.4292,1.4364,400061.25,0.0,0.0,0
1h,1774040400.0,1.4364,1.4489,1.4339,1.4434,752659.68,0.0,0.0,0
1h,1774044000.0,1.4434,1.4524,1.4434,1.448,558324.1,0.0,0.0,0
1h,1774047600.0,1.448,1.4481,1.4401,1.445,195699.65,0.0,0.0,0
1h,1774051200.0,1.445,1.4493,1.4429,1.4479,303511.26,0.0,0.0,0
1h,1774054800.0,1.4479,1.4501,1.4426,1.4436,414565.11,0.0,0.0,0
1h,1774058400.0,1.4436,1.4485,1.4426,1.4469,319122.81,0.0,0.0,0
1h,1774062000.0,1.4469,1.4477,1.4449,1.446,326941.87,0.0,0.0,0
1h,1774065600.0,1.446,1.4481,1.4444,1.4445,271355.84,0.0,0.0,0
1h,1774069200.0,1.4445,1.451,1.4445,1.451,524705.2,0.0,0.0,0
1h,1774072800.0,1.451,1.4532,1.4469,1.4485,879946.78,0.0,0.0,0
1h,1774076400.0,1.4485,1.4497,1.4436,1.4437,337187.19,0.0,0.0,0
